{
    "name": "快修套件",
    "icon": "simpleplanes:healing",
    "category": "simpleplanes:misc",
    "pages": [
        {
            "type": "text",
            "text": "手持快修套件并潜行右击飞行器即可修复损耗。对无损耗的飞行器继续使用快修套件可使其获得额外的状态。不同于初始的红色标示，这种额外的状态会以黄色显示。"
        },
        {
            "type": "crafting",
            "recipe": "simpleplanes:healing",
            "recipe2": "simpleplanes:healing_enchanted"
        }
    ]
}