{
    "name": "伤害吸收",
    "icon": "minecraft:textures/mob_effect/absorption.png",
    "category": "apotheosis:potion/recipes",
	"flag": "apotheosis:potion",
	"sortnum": 0,
    "pages": [
        {
            "type": "patchouli:text",
            "text": "$(9)伤害吸收$()是一个有趣的药水效果。$(p)每级给予 2 个额外的临时生命。$(p)但是，这些生命在持续时间内不会刷新，所以$(l:apotheosis:potion/charms/charm)药水护符$()是首选。"
        },
		{
            "type": "patchouli:spotlight",
			"title": "酿造配方",
			"item": "minecraft:golden_apple",
            "text": "这种药水可以用粗制的药水和金苹果酿造。$(p)它可以被延长、强化效果或变成喷溅药水。"
        }
	]
}