{
    "name": "挖掘疲劳",
    "icon": "minecraft:textures/mob_effect/mining_fatigue.png",
    "category": "apotheosis:potion/recipes",
	"flag": "apotheosis:potion",
	"sortnum": 0,
    "pages": [
        {
            "type": "patchouli:text",
            "text": "$(c)挖掘疲劳$()是一种负面的药水效果，通常只有远古守卫者才能使用。$(p)激活时，你的挖掘速度将每级降低 20%。$(p)与$(9)急迫$()效果相反。"
        },
		{
            "type": "patchouli:spotlight",
			"title": "酿造配方",
			"item": "minecraft:fermented_spider_eye",
            "text": "这种药水可以用$(9)急迫药水$()和发酵的蜘蛛眼来酿造。$(p)它可以被延长、强化效果或变成喷溅药水。"
        }
	]
}