{
    "name": "急迫",
    "icon": "minecraft:textures/mob_effect/haste.png",
    "category": "apotheosis:potion/recipes",
	"flag": "apotheosis:potion",
	"sortnum": 1,
    "pages": [
        {
            "type": "patchouli:text",
            "text": "$(9)急迫$()是另一个增益的药水效果，在原版中没有配方。$(p)每级将增加 20% 的挖掘速度。"
        },
		{
            "type": "patchouli:spotlight",
			"title": "酿造配方",
			"item": "minecraft:mushroom_stew",
            "text": "这种药水可以用粗制的药水和蘑菇煲来酿造。$(p)它可以被延长、强化效果或变成喷溅药水。"
        }
	]
}