{
    "name": "幸运",
    "icon": "minecraft:textures/mob_effect/luck.png",
    "category": "apotheosis:potion/recipes",
	"flag": "apotheosis:potion",
	"sortnum": 0,
    "pages": [
        {
            "type": "patchouli:text",
            "text": "$(6)幸运$()是一种非常特殊的药水效果。$(p)拥有更多运气意味着你可以从某些来源获得更好的战利品。$(p)不幸的是，没有办法知道$(6)幸运$()效果会影响那些战力品来源。"
        },
		{
            "type": "patchouli:spotlight",
			"title": "酿造配方",
			"item": "apotheosis:lucky_foot",
			"link_recipe": true,
            "text": "这种药水可以用粗制的药水和幸运兔子脚制作。$(p)兔子会罕见地掉落幸运兔子脚。"
        }
	]
}