{
    "name": "抗性提升",
    "icon": "minecraft:textures/mob_effect/resistance.png",
    "category": "apotheosis:potion/recipes",
	"flag": "apotheosis:potion",
	"sortnum": 0,
    "pages": [
        {
            "type": "patchouli:text",
            "text": "$(9)抗性提升$()是一个相当有用的药水效果，在原版中没有配方。$(p)每级对所有来源的伤害减少 20%。$(p)你还可以用它来制作$(l:apotheosis:potion/effects/sundering)破甲$()药水。"
        },
		{
            "type": "patchouli:spotlight",
			"title": "酿造配方",
			"item": "minecraft:shulker_shell",
            "text": "这种药水可以用粗制的药水和潜影壳酿造。$(p)它可以用延长、强化效果或变成喷溅药水。"
        }
	]
}