{
    "name": "凋零",
    "icon": "minecraft:textures/mob_effect/wither.png",
    "category": "apotheosis:potion/recipes",
	"flag": "&apotheosis:potion,!apotheosis:wstloaded",
	"sortnum": 0,
    "pages": [
        {
            "type": "patchouli:text",
            "text": "$(c)凋零$()是一种无法正常制作的负面药水效果。$(p)当被施加时，你会每刻受到伤害。$(p)与中毒效果不同，这种伤害是致命的。"
        },
		{
            "type": "patchouli:spotlight",
			"title": "酿造配方",
			"item": "minecraft:wither_skeleton_skull",
            "text": "这种药水可以用粗制的药水和凋灵骷髅头颅酿造。$(p)它可以被延长、强化效果或变成喷溅药水。"
        }
	]
}