{
    "name": "诅咒珍珠",
    "icon": "turtlemancy:cursed_pearl",
    "category": "turtlemancy:items",
    "pages": [
        { 
        	"type": "spotlight",
        	"item": "turtlemancy:cursed_pearl",
        	"title": "诅咒珍珠",
        	"text": "当空珍珠充满了$(#d63031)海龟的诅咒$()，$(#d63031)诅咒珍珠$()就被制作出来了。$(br2)诅咒珍珠可以作为末影之眼使用，它会搜索最近的$(thing)下界要塞$()。",
        	"link_recipe": true
        },
        { 
        	"type": "crafting",
        	"recipe": "turtlemancy:cursed_pearl"
        }
    ]
}