{
    "name": "基岩碎片",
    "icon": "turtlemancy:fragment_of_bedrock",
    "category": "turtlemancy:items",
    "pages": [
        { 
        	"type": "spotlight",
        	"item": "turtlemancy:little_fragment_of_bedrock",
        	"title": "小基岩碎片",
        	"text": "这个小碎片可以通过施展$(l)$(l:spells/advanced_spells#bedrock_breaker)基岩破坏术$()获取。",
        	"link_recipe": true
        },
         { 
        	"type": "crafting",
        	"recipe": "turtlemancy:fragment_of_bedrock",
        	"title": "基岩碎片",
        	"text": "它们越来越大了！要有耐心！",
        	"link_recipe":true
        },
        { 
        	"type": "crafting",
        	"recipe": "turtlemancy:bedrock",
        	"text": "不错。耐心造就了海龟。你制作了基岩。"
        }
    ]
}