{
  "name": "如何进行附魔",
  "sortnum":-1,
  "icon": "ars_nouveau:enchanting_apparatus",
  "category": "enchantments",
  "pages": [
    {
      "type": "text",
      "text": "通过使用魔力和物品，附魔装置可以在物品上添加新附魔或者升级现有附魔。要开始附魔，首先选定一个想要的 1 级附魔，并将该附魔对应的物品放在基座上。然后在附近放置一罐魔力，并对附魔装置使用你想附魔的物品。附魔装置只会在附魔对物品有效时进行附魔。"
    }, {
      "type": "text",
      "text": "要是物品附上等级 2 或更高级的附魔，这个物品必须已经有前一级的附魔。例如，要附上亡灵杀手 3，物品必须已经有亡灵杀手 2。"
    }, {
            "type": "relations",
            "entries":["machines/enchanting_apparatus", "machines/mana_jar"]        
        }
  ]
}
