{
  "name": "enchantment.minecraft.fire_protection",
  "icon": "minecraft:enchanted_book",
  "category": "enchantments",
  "pages": [
    {
      "type": "enchanting_recipe",
      "recipe": "ars_nouveau:fire_protection_1"
    },
    {
      "type": "enchanting_recipe",
      "recipe": "ars_nouveau:fire_protection_2"
    },
    {
      "type": "enchanting_recipe",
      "recipe": "ars_nouveau:fire_protection_3"
    },
    {
      "type": "enchanting_recipe",
      "recipe": "ars_nouveau:fire_protection_4"
    }
  ]
}