{
  "name": "enchantment.minecraft.sharpness",
  "icon": "minecraft:enchanted_book",
  "category": "enchantments",
  "pages": [
    {
      "type": "enchanting_recipe",
      "recipe": "ars_nouveau:sharpness_1"
    },
    {
      "type": "enchanting_recipe",
      "recipe": "ars_nouveau:sharpness_2"
    },
    {
      "type": "enchanting_recipe",
      "recipe": "ars_nouveau:sharpness_3"
    },
    {
      "type": "enchanting_recipe",
      "recipe": "ars_nouveau:sharpness_4"
    },
    {
      "type": "enchanting_recipe",
      "recipe": "ars_nouveau:sharpness_5"
    }
  ]
}