{
  "processor": "com.github.alienpatois.turtlemancy.compat.patchouli.RitualProcessor",
  "components": [
    {
      "type": "header", "x": -1, "text": "#title"
    },
    {
    	"type": "separator", "x": -1, "y": -1
    },
    {
      "type": "text", "text": "#description", "x": 4, "y": 20
    },
    {
      "type": "item", "item": "#altar_item", "x": 40, "y": 49
    },
    {
      "type": "item", "item": "#input1", "x": 29, "y": 116
    },
    {
      "type": "item", "item": "#input2", "x": 51, "y": 116
    },
    {
      "type": "item", "item": "#input3", "x": 7, "y": 106
    },
    {
      "type": "item", "item": "#input4", "x": 73, "y": 106
    },
    {
      "type": "text", "text": "#sacrifice", "x": 9, "y": 138
    },
    {
      "type": "item", "item": "#output", "x": 86, "y": 78, "link_recipe": true
    }
  ]
}