{
    "name": "流血",
    "icon": "apotheosis:textures/mob_effect/bleeding.png",
    "category": "apotheosis:potion/effects",
	"flag": "apotheosis:potion",
	"sortnum": 1,
    "pages": [
        {
            "type": "patchouli:text",
            "text": "$(c)流血$()是一种负面的药水效果，由$(l:apotheosis:village/fletching#broadhead)宽头箭$()施加。$(p)它会让你每两秒受到一次伤害。"
        },
		{
            "type": "patchouli:text",
            "text": "伤害随着$(c)流血$()效果的等级而增加。$(p)$(c)流血$()效果的伤害会无视护甲造成伤害。"
        }
	]
}