{
    "name": "古之阅历",
    "icon": "minecraft:experience_bottle",
    "category": "apotheosis:potion/effects",
	"flag": "apotheosis:potion",
	"sortnum": 0,
    "pages": [
        {
            "type": "patchouli:text",
            "text": "$(9)古之阅历$()是一种增益的药水效果。$(p)在其效果下，你杀死的小怪产生的任何经验都会成倍增加。"
        },
		{
            "type": "patchouli:text",
            "text": "在 I 级，它使掉落的经验乘于四倍。$(p)在 II 级，它将乘以八倍。"
        }
	]
}