{
    "name": "破甲",
    "icon": "apotheosis:textures/mob_effect/sundering.png",
    "category": "apotheosis:potion/effects",
	"flag": "apotheosis:potion",
	"sortnum": 0,
    "pages": [
        {
            "type": "patchouli:text",
            "text": "$(c)破甲$()效果是一种负面的药水效果。$(p)在其效果下，所有受到的伤害将每级增加 20%。"
        },
		{
            "type": "patchouli:text",
            "text": "它与抗性提升的效果相反，并且与抗性提升相加。$(p)如果你有破甲 II和抗性提升 II，那么你会受到正常的伤害。"
        }
	]
}