{
    "name": "蛊惑贝壳",
    "icon": "turtlemancy:bewitched_shell",
    "category": "turtlemancy:items",
    "pages": [
        { 
        	"type": "spotlight",
        	"item": "turtlemancy:bewitched_shell",
        	"title": "蛊惑贝壳",
        	"text": "$(thing)蛊惑贝壳$()被用于多种合成配方。",
        	"link_recipe": true
        },
        { 
        	"type": "turtlemancy:common_ritual_recipe",
            "recipe": "turtlemancy:bewitched_shell",
            "title": "蛊惑贝壳",
            "description": "此仪式将会使牡蛎变成$(thing)蛊惑贝壳$()。"
        }
    ]
}