{
    "name": "空珍珠",
    "icon": "turtlemancy:empty_pearl",
    "category": "turtlemancy:items",
    "pages": [
        { 
        	"type": "spotlight",
        	"item": "turtlemancy:empty_pearl",
        	"title": "珍珠块",
        	"text": "空珍珠可以根据里面的内容赋予珍珠不同的形态。",
        	"link_recipe": true
        },
        { 
        	"type": "crafting",
        	"recipe": "turtlemancy:empty_pearl",
        	"title": "珍珠块"
        }
    ]
}