{
    "name": "分裂",
    "icon": "minecraft:enchanted_book",
    "category": "apotheosis:enchanting/anvil",
	"flag": "apotheosis:enchanting",
	"sortnum": 0,
    "pages": [
        {
            "type": "patchouli:text",
            "text": "$(9)分裂$()是另一个铁砧专属的全新附魔。$(p)一个拥有分裂附魔的铁砧可以将只有一个附魔的单本附魔书转换成两本附魔书，每本附魔书都会低一级。"
        },
		{
			"type": "patchouli:text",
			"text": "要使用拥有分裂附魔的铁砧，将一本附魔书扔到世界上，然后将铁砧放在书的顶部。$(p)一本带有锋利 III 的附魔书被分裂后将变成两本书，每本附魔书都带有锋利 II。"
		}
	]
}