{
    "name": "拆分",
    "icon": "minecraft:enchanted_book",
    "category": "apotheosis:enchanting/anvil",
	"flag": "apotheosis:enchanting",
	"sortnum": -1,
    "pages": [
        {
            "type": "patchouli:text",
            "text": "$(9)拆分$()是一种铁砧的全新附魔。$(p)拥有拆分附魔的铁砧能够将带有多个附魔的附魔书\"拆分\"成一系列单独的附魔书。"
        },
		{
			"type": "patchouli:text",
			"text": "要使用拥有拆分附魔的铁砧，将一本附魔书扔到世界上，然后将铁砧放置在书的顶部。$(p)一本具有锋利III 和抢夺 II 的书将拆分成两本附魔书，一本锋利 III 和另一本抢夺 II。"
		}
	]
}