{
    "name": "火山灰戒指",
    "icon": "turtlemancy:tephra_ring",
    "category": "turtlemancy:equipment",
    "pages": [
        {
            "type": "spotlight",
            "title": "火山灰戒指",
        	"item": "turtlemancy:tephra_ring",
            "text": "此$(thing)饰品$()会改变$(thing)熔岩泡泡术$()的效果，不是治疗，而是造成伤害。"
        },
        {
            "type": "crafting",
            "recipe": "turtlemancy:tephra_ring",
            "link_recipe": true
        }
    ]
}