{
    "name": "鹦鹉螺腰带",
    "icon": "turtlemancy:nautilus_belt",
    "category": "turtlemancy:equipment",
    "pages": [
        {
            "type": "spotlight",
            "title": "鹦鹉螺腰带",
        	"item": "turtlemancy:nautilus_belt",
            "text": "此$(thing)饰品$()是由$(item)鹦鹉螺$()一致的外壳制作的。此腰带会吸收所有的摔落伤害。"
        },
        {
            "type": "crafting",
            "recipe": "turtlemancy:nautilus_belt",
            "link_recipe": true
        }
    ]
}