{
    "name": "蛊惑贝壳项链",
    "icon": "turtlemancy:bewitched_shell_necklace",
    "category": "turtlemancy:equipment",
    "pages": [
        {
            "type": "spotlight",
            "title": "蛊惑贝壳项链",
        	"item": "turtlemancy:bewitched_shell_necklace",
            "text": "此$(thing)饰品$()得益于蛊惑贝壳的魔法特性和珍珠的亮度，为佩戴者提供了无限的水下呼吸和水下夜视。"
        },
        {
            "type": "crafting",
            "recipe": "turtlemancy:bewitched_shell_necklace",
            "link_recipe": true
        }
    ]
}