{
    "name": "异界",
    "icon": "alltheores:ore_other_diamond",
    "category": "allthemodium:dimensions",
    "sortnum": "3",
    "pages": [{
        "type": "text",
        "text": "异界是一个非常不友好的维度。所有冰火传说的生物都生成在那里，包括被增强的龙。这里还具有特殊的矿石，与主世界或挖矿维度中的矿石相比，它们会掉落额外的资源。要传送到此维度，请在下界中使用$(l:dimensions/teleport_pad)传送垫$(/c)。"
    }]
}