{
    "name": "传送垫",
    "icon": "allthemodium:teleport_pad",
    "category": "allthemodium:dimensions",
    "sortnum": "1",
    "pages": [{
            "type": "crafting",
            "recipe": "allthemodium:main/teleport_pad"
        },
        {
            "type": "text",
            "text": "传送垫被用于传送到$(l:dimensions/miningdim)挖矿维度$(/c)和$(l:dimensions/otherdim)异界$(/c)。你需要在主副手均为空的状态下对其潜行右击。$(br2)注意，$(l:dimensions/miningdim)挖矿维度$(/c)在 ATM6: To The Sky 整合包中被禁用。"
        }
    ]
}