{
  "name": "item.ars_nouveau.carbuncle_charm",
  "icon": "ars_nouveau:carbuncle_charm",
  "category": "automation",
  "pages": [
    {
      "type": "text",
      "text": "ars_nouveau.page.carbuncle_charm"
    },
     {
      "type": "apparatus_recipe",
      "recipe": "ars_nouveau:carbuncle_charm"
    },
	{
	 "type": "entity",
      "entity": "ars_nouveau:carbuncle",
	  "text":"ars_nouveau.page2.carbuncle_charm"
	},
	{
      "type": "text",
	  "title":"ars_nouveau.summoning",
      "text": "ars_nouveau.page3.carbuncle_charm"
    },
	{
      "type": "text",
	  "title":"ars_nouveau.item_transport",
      "text": "ars_nouveau.page4.carbuncle_charm"
    },{
      "type": "text",
	  "title":"ars_nouveau.filtering",
      "text": "ars_nouveau.page5.carbuncle_charm"
    },{
      "type": "text",
	  "title":"ars_nouveau.pathing",
      "text": "ars_nouveau.page6.carbuncle_charm"
    },
	{
            "type": "relations",
            "entries":["machines/scribes_table", "automation/dominion_wand", "automation/allow_scroll","automation/deny_scroll", "automation/mimic_scroll"]        
        }
  ]
}