{
  "name": "item.ars_nouveau.drygmy_charm",
  "icon": "ars_nouveau:drygmy_charm",
  "category": "automation",
  "pages": [
    {
      "type": "text",
      "text": "ars_nouveau.page.drygmy_charm"
    },
    {
      "type": "apparatus_recipe",
      "recipe": "ars_nouveau:drygmy_charm"
    },
	{
	 "type": "entity",
      "entity": "ars_nouveau:drygmy",
	  "text":"ars_nouveau.page2.drygmy_charm"
	},
	{
      "type": "text",
	  "title":"召唤",
      "text": "ars_nouveau.page3.drygmy_charm"
    },{
      "type": "text",
	  "title":"幸福度",
      "text": "ars_nouveau.page4.drygmy_charm"
    },
	{
      "type": "text",
	  "title":"生产",
      "text": "ars_nouveau.page5.drygmy_charm"
    },
	{
	"type":"multiblock",
	"multiblock":{
		"mapping":{
			"C":"minecraft:chest",
			"0":"ars_nouveau:drygmy_stone",
			"J":"ars_nouveau:mana_jar"
		},
		"pattern":[
			["   "],
			["C0J"],
			["   "]
		],
		"symmetrical": true
	},
	"text":""
	}
  ]
}
