{
  "name": "enchantment.ars_nouveau.reactive",
  "icon": "minecraft:enchanted_book",
  "category": "equipment",
  "pages": [
    {
      "type": "text",
      "text": "ars_nouveau.page.reactive"
    },
	{
      "type": "text",
      "text": "ars_nouveau.page.reactive2"
    },
	{
      "type": "reactive_enchant_first",
      "reagent": "minecraft:diamond_sword",
      "item1": "ars_nouveau:spell_parchment",
      "item2": "ars_nouveau:glyph_amplify",
      "item3": "ars_nouveau:glyph_amplify",
      "item4": "ars_nouveau:glyph_amplify",
	  "cost":"中等"
    },
	{
      "type": "text",
      "text": "ars_nouveau.page.reactive3"
    },
	{
      "type": "reactive_enchant_upgrade",
      "reagent": "minecraft:diamond_sword{Enchantments:[{id:'ars_nouveau:reactive',lvl:1}]}",
      "item1": "minecraft:blaze_powder",
      "item2": "minecraft:blaze_powder",
      "item3": "minecraft:blaze_powder",
      "item4": "minecraft:blaze_powder",
	  "item5": "minecraft:gold_block",
      "item6": "ars_nouveau:glyph_extend_time",
      "item7": "ars_nouveau:glyph_aoe",
      "item8": "ars_nouveau:glyph_dampen",
	  "cost":"高"
    },{
      "type": "reactive_enchant_upgrade",
      "reagent": "minecraft:diamond_sword{Enchantments:[{id:'ars_nouveau:reactive',lvl:2}]}",
      "item1": "minecraft:ender_pearl",
      "item2": "ars_nouveau:mythical_clay",
      "item3": "ars_nouveau:mythical_clay",
      "item4": "ars_nouveau:mythical_clay",
	  "item5": "ars_nouveau:mythical_clay",
      "item6": "ars_nouveau:glyph_pierce",
      "item7": "ars_nouveau:glyph_extract",
      "item8": "ars_nouveau:glyph_fortune",
	  "cost":"非常高"
    },
	{
      "type": "text",
      "text": "ars_nouveau.page.reactive4"
    },{
      "type": "reactive_enchant_upgrade",
      "reagent": "minecraft:diamond_sword{Enchantments:[{id:'ars_nouveau:reactive',lvl:1}]}",
      "item1": "ars_nouveau:spell_parchment",
	  "cost":"无"
    },
	{
            "type": "relations",
            "entries":["machines/scribes_table"]        
        }
  ]
}
