{
  "name": "item.ars_nouveau.sylph_charm",
  "icon": "ars_nouveau:sylph_charm",
  "category": "automation",
  "pages": [
    {
      "type": "text",
      "text": "ars_nouveau.page.sylph_charm"
    },
    {
      "type": "apparatus_recipe",
      "recipe": "ars_nouveau:sylph_charm"
    },
	{
	 "type": "entity",
      "entity": "ars_nouveau:sylph",
	  "text":"ars_nouveau.page2.sylph_charm"
	},
	{
      "type": "text",
	  "title":"召唤",
      "text": "ars_nouveau.page3.sylph_charm"
    },{
      "type": "text",
	  "title":"幸福度",
      "text": "ars_nouveau.page4.sylph_charm"
    },
	{
      "type": "text",
	  "title":"重要事项",
      "text": "ars_nouveau.page5.sylph_charm"
    },{
      "type": "text",
	  "title":"产出",
      "text": "ars_nouveau.page6.sylph_charm"
    },{
	"type":"multiblock",
	"multiblock":{
		"mapping":{
			"C":"minecraft:chest",
			"0":"ars_nouveau:summoning_crystal",
			"J":"ars_nouveau:mana_jar"
		},
		"pattern":[
			["   "],
			["C0J"],
			["   "]
		],
		"symmetrical": true
	},
	"text":""
	},{
            "type": "relations",
            "entries":["apparatus/summoning_crystal"]        
        }
  ]
}
