{
  "name": "item.ars_nouveau.whelp_charm",
  "icon": "ars_nouveau:whelp_charm",
  "category": "automation",
  "pages": [
    {
      "type": "text",
      "text": "ars_nouveau.page.whelp_charm"
    },
    {
      "type": "apparatus_recipe",
      "recipe": "ars_nouveau:whelp_charm"
    },
	{
	 "type": "entity",
      "entity": "ars_nouveau:whelp",
	  "text":"ars_nouveau.page2.whelp_charm"
	},
	{
      "type": "text",
      "text": "ars_nouveau.page3.whelp_charm"
    },{
      "type": "text",
      "text": "ars_nouveau.page4.whelp_charm"
    },{
      "type": "text",
      "text": "ars_nouveau.page5.whelp_charm"
    },{
            "type": "relations",
            "entries":["machines/scribes_table","spells/interact", "spells/pickup", "spells/place_block"]        
        }
  ]
}
