{
	"processor": "com.hollingsworth.arsnouveau.client.patchouli.GlyphPressProcessor",
    "components": [

        {
            "type":"item",
            "item":"#clay_type",
            "framed":true,
            "x":20,
            "y":20
        },
        {
            "type":"item",
            "item":"#reagent",
            "framed":true,
            "x":80,
            "y":20
        },
		{
			"type": "header",
			"text": "魔符压印器试剂",
			"x": -1,
			"y": -1
        },
        {
			"type": "text",
			"text": "等级：#tier#",
			"x": 0,
			"y": 50
		},
        {
			"type": "text",
			"text": "魔力消耗：#mana_cost#",
			"x": 0,
			"y": 60
		}
	]
}
