{
    "name": "附魔能力",
    "icon": "minecraft:golden_sword",
    "category": "apotheosis:enchanting/changes",
	"flag": "apotheosis:enchanting",
	"sortnum": 1,
    "pages": [
        {
            "type": "patchouli:text",
            "text": "在原版中，所有没有明确的$(l:apotheosis:enchanting/table/enchantability)附魔能力$()的物品的默认值都为零。$(p)神化模组将默认值更改为一。$(p)这项更改无意间使某些物品有可附魔的副作用。"
        },
		{
            "type": "patchouli:text",
            "text": "此调整不会更改明确具有附魔能力的物品。$(p)附魔能力为零的物品永远不能被附魔。"
        }
	]
}