{
    "name": "保护",
    "icon": "minecraft:netherite_chestplate",
    "category": "apotheosis:enchanting/changes",
	"flag": "apotheosis:enchanting",
	"sortnum": 1,
    "pages": [
        {
            "type": "patchouli:text",
            "text": "$(9)保护$()附魔将不在与保护附魔的子类型冲突。$(p)这意味着你现在可以拥有$(9)保护$()和另一种通常会冲突的保护的子类型附魔。"
        },
		{
            "type": "patchouli:text",
            "text": "此外，最大有效保护点数已从 20 提高到 65。$(p)超过 20 的保护点数效果较差，超过 65 的保护点数无效。"
        }
	]
}