{
    "name": "三叉戟",
    "icon": "minecraft:trident",
    "category": "apotheosis:enchanting/changes",
	"flag": "apotheosis:enchanting",
	"sortnum": 1,
    "pages": [
        {
            "type": "patchouli:text",
            "text": "除了新的附魔，三叉戟现在还可以拥有$(9)锋利$()、$(9)抢夺$()和$(9)穿透$()附魔。$(p)锋利和抢夺就像它们附魔在剑上。$(p)穿透使投掷的三叉戟能够击中更多敌人。"
        },
		{
            "type": "patchouli:spotlight",
			"title": "制作三叉戟",
			"item": "apotheosis:inert_trident",
			"link_recipe": true,
            "text": "神化模组还增加了制作三叉戟的方法。$(p)只需制作一个$(9)惰性三叉戟$()并通过$(l:apotheosis:enchanting/table/infusion)灌注附魔$()对其进行升级就可以获得三叉戟了。"
        }
	]
}