{
    "name": "ATM盔甲",
    "icon": "allthemodium:allthemodium_chestplate",
    "category": "allthemodium:armour",
    "sortnum": "1",
    "pages": [{
            "type": "text",
            "text": "ATM盔甲除了护甲值、韧性和击退抗性之外还有一些效果：$(li)水下呼吸$(li)免疫鞘翅碰撞伤害$(li)免疫所有来自火焰/熔岩的伤害$(li)免疫掉落伤害$(li)当你从下界合金盔甲升级时，它会保留其附魔"
        },
        {
            "type": "crafting",
            "recipe": "allthemodium:main/allthemodium_helmet",
            "recipe2": "kubejs:minecraft_netherite_helmet_upgrade"
        },

        {
            "type": "crafting",
            "recipe": "allthemodium:main/allthemodium_chestplate",
            "recipe2": "kubejs:minecraft_netherite_chestplate_upgrade"
        },
        {
            "type": "crafting",
            "recipe": "allthemodium:main/allthemodium_leggings",
            "recipe2": "kubejs:minecraft_netherite_leggings_upgrade"
        },
        {
            "type": "crafting",
            "recipe": "allthemodium:main/allthemodium_boots",
            "recipe2": "kubejs:minecraft_netherite_boots_upgrade"
        }
    ]
}