{
    "name": "难得素盔甲",
    "icon": "allthemodium:unobtainium_chestplate",
    "category": "allthemodium:armour",
    "sortnum": "3",
    "pages": [{
            "type": "text",
            "text": "难得素盔甲具有与振金盔甲相同的所有效果，但有显着提高的护甲值，韧性和击退抗性，它还增加了：$(li)抵御潜影贝漂浮攻击"
        },
        {
            "type": "crafting",
            "recipe": "allthemodium:main/unobtainium_helmet",
            "recipe2": "allthemodium:main/unobtainium_chestplate"
        },
        {
            "type": "crafting",
            "recipe": "allthemodium:main/unobtainium_leggings",
            "recipe2": "allthemodium:main/unobtainium_boots"
        }
    ]
}