{
    "name": "振金盔甲",
    "icon": "allthemodium:vibranium_chestplate",
    "category": "allthemodium:armour",
    "sortnum": "2",
    "pages": [{
            "type": "text",
            "text": "振金盔甲具有与ATM盔甲相同的所有效果，但有显着提高的护甲值，韧性和击退抗性，它还增加了：$(li)免疫凋零$(li)魔法抗性$(li)免疫反胃$(li)升级时会保留其附魔"
        },
        {
            "type": "crafting",
            "recipe": "allthemodium:main/vibranium_helmet",
            "recipe2": "allthemodium:main/vibranium_chestplate"
        },
        {
            "type": "crafting",
            "recipe": "allthemodium:main/vibranium_leggings",
            "recipe2": "allthemodium:main/vibranium_boots"
        }
    ]
}