{
  "name": "进行仪式",
  "sortnum":-1,
  "icon": "ars_nouveau:ritual",
  "category": "rituals",
  "pages": [
    {
      "type": "text",
      "text": "进行仪式需要一个仪式火盆和一块仪式对应的木板。在获得这二者之后，你需要将火盆放在地上，然后对其使用一个仪式之板。然后火盆会被点燃，并等待被激活。这种状态下，你可以往火焰中投入额外物品来增强仪式。只需简单地向火盆顶部扔出物品就行。"
    }, {
      "type": "text",
      "text": "空手与火盆互动即可激活仪式。激活后，仪式无法再被增强，之前使用的材料也被永久性地消耗。如果仪式需要魔源来运行，火盆会自动地从附近 6 格内的魔源罐中抽取魔源。不同仪式的相关信息和进行时的具体需求可以在各仪式的条目中找到。"
    },{
            "type":"crafting",
			"recipe":"ars_nouveau:ritual",
			"recipe2":"ars_nouveau:ritual_sunrise"
		}, {
            "type": "relations",
            "entries":["machines/ritual","rituals/sunrise"]        
        }
  ]
}
