{
    "name": "魔力罐",
    "icon": "ars_nouveau:mana_jar",
    "category": "machines",
    "pages": [
        {
            "type": "text",
            "text": "魔力罐能存储附近魔力收集设备收集到的魔力，而这些魔力能用于给魔符压印器和附魔装置供能，进一步制作魔符和饰品。可以使用桶来运输魔力，魔力罐也能被挖掘带走。要使用魔力罐中的魔力，只需要将其放在魔力消耗设备旁边。魔力罐会向红石比较器输出关于其存储魔力的量的信号。"
        },

		{
            "type":"crafting",
			"recipe":"ars_nouveau:mana_jar"
		}
    ]
}
