{
    "name": "魔力凝聚器",
    "icon": "ars_nouveau:mana_condenser",
    "category": "machines",
    "pages": [
        {
            "type": "text",
            "text": "魔力凝聚器能向其下方的魔力罐提供世界中的魔力。凝聚的魔力来自于附近发生的特殊事件。这些事件包括：作物生长、动物繁殖还有怪物在附近死亡。注意，如果两个魔力凝聚器摆得太近，其中一个会停止工作。"
        },
		{
		"type":"multiblock",
		"multiblock":{
			"mapping":{
				"C":"ars_nouveau:mana_condenser",
				"0":"ars_nouveau:mana_jar"
			},
			"pattern":[
				["C"],
				["0"],
				[" "]
			],
			"symmetrical": true
		},
		"text":""
		},
		{
            "type":"crafting",
			"recipe":"ars_nouveau:mana_condenser"
		}
    ]
}
