{
    "name": "火山蓄魔器",
    "icon": "ars_nouveau:volcanic_accumulator",
    "category": "machines",
    "pages": [
        {
            "type": "text",
            "text": "火山蓄魔器通过消耗烈焰至高木产生魔力，也可以根据下方熔岩源的数量被动产生魔力。火山蓄魔器不但能产生魔力，还会产生$(item)热量$()，而这些热量会用于生成熔岩睡莲和将石头转换为熔岩。火山蓄魔器会向附近的魔力罐自动输出魔力，而且会优先装满最近的魔力罐。"
        },{
            "type": "text",
			"title": "主动生成",
            "text": "附近掉落的烈焰至高木物品会被燃烧，并产生一定魔力，同时还会产生中等数量的$(item)热量$()。"
        },
		{
            "type": "text",
			"title": "被动生成",
            "text": "蓄魔器正下方一格高 3x3 空间内的熔岩会被动地生成魔力。每个熔岩源都会提供一点魔力输出和少量$(item)热量$()。"
        },{
            "type": "text",
			"title": "热量",
            "text": "火山蓄魔器不时会将石头转换为岩浆块，将岩浆块转换为熔岩，只要这些方块存在于蓄魔器下方的 3x3 空间里。这个转换的进行速度取决于蓄魔器产生$(item)热量$()的数量。火山蓄魔器还会在相邻的无覆盖熔岩上生成熔岩睡莲。熔岩睡莲可以被采集，并可用于装饰。"
        },
		{
            "type":"crafting",
			"recipe":"ars_nouveau:volcanic_accumulator",
			"recipe2":"ars_nouveau:lava_lily"
		},
		{
            "type": "text",
            "text": "熔岩睡莲放在熔岩、岩浆块和其他方块上时，它的颜色会有所不同。"
        }
    ]
}
