{
    "name": "book.apotheosis.name",
    "landing_text": "book.apotheosis.landing",
    "subtitle": "book.apotheosis.subtitle",
	"book_texture": "patchouli:textures/gui/book_blue.png",
	"model": "apotheosis:book",
	"show_progress": false,
	"creative_tab": "apotheosis",
	"use_blocky_font": true,
	"macros": {
		"$(eterna)": "$(#3DB53D)Eterna$()",
		"$(quanta)": "$(#FC5454)Quanta$()",
		"$(arcana)": "$(#A800A8)Arcana$()",
		"$(fpower)": "$(#CC00CC)Final Power$()",
		"$(bpower)": "$(6)Base Power$()"
	}
}