{
    "scale": 0.0,
    "effects": {
        "sky_color": 8103167,
        "fog_color": 12638463,
        "water_color": 4445678,
        "water_fog_color": 270131
    },
    "surface_builder": "minecraft:nope",
    "carvers": {},
    "features": [
        [],
        [],
        [],
        [],
        [],
        [],
        [],
        [],
        [],
        []
    ],
    "starts": [],
    "spawners": {
        "monster": [],
        "creature": [],
        "ambient": [],
        "water_creature": [],
        "water_ambient": [],
        "misc": []
    },
    "spawn_costs": {},
    "player_spawn_friendly": false,
    "precipitation": "none",
    "temperature": 1.0,
    "downfall": 1.0,
    "category": "none",
    "depth": 0.1
}