{
    "name": "魔符压印器",
    "icon": "ars_nouveau:glyph_press",
    "category": "machines",
    "pages": [
        {
            "type": "text",
            "text": "ars_nouveau.page1.glyph_press"
        },
		{
		"type":"text",
		"text":"ars_nouveau.page2.glyph_press"
		},
		{
            "type":"crafting",
			"recipe":"ars_nouveau:glyph_press",
			"recipe2":"ars_nouveau:magic_clay"
		},{
			"type":"crafting",
			"recipe":"ars_nouveau:marvelous_clay",
			"recipe2":"ars_nouveau:mythical_clay"
		}
    ]
}
