{
    "name": "折越传送门",
    "icon": "ars_nouveau:warp_scroll",
    "category": "machines",
    "pages": [
        {
            "type": "text",
            "text": "ars_nouveau.page1.warp_portal"
        },
		{
		"type":"multiblock",
		"multiblock":{
			"mapping":{
				"B":"ars_nouveau:arcane_bricks",
				"P":"ars_nouveau:portal",
				"0":"ars_nouveau:portal"
			},
			"pattern":[
				[" BB "],
				["BPPB"],
				["B0PB"],
				["BPPB"],
				[" BB "]
			],
			"symmetrical": true
		},
		"text":"ars_nouveau.page2.warp_portal"
		},{
            "type": "relations",
            "entries":["items/warp_scroll"]        
        }
    ]
}
