{
    "name": "竹子",
    "icon": "minecraft:bamboo",
    "category": "apotheosis:garden/garden",
	"flag": "apotheosis:garden",
	"sortnum": 0,
    "pages": [
        {
            "type": "patchouli:text",
            "text": "竹子现在可以长到 32 格高。$(p)竹子的生长有点奇怪，所以它不会总是达到这个高度。$(p)竹子的生长高度是可配置的，所以它可能会更高一点（或更低）在整合包里。"
        }
	],
	"extra_recipe_mappings": {
		"minecraft:bamboo": 0
	}
}