{
    "name": "末影拴绳",
    "icon": "apotheosis:farmers_leash",
    "category": "apotheosis:garden/garden",
	"flag": "apotheosis:garden",
	"sortnum": 1,
    "pages": [
        {
            "type": "patchouli:text",
            "text": "末影拴绳是一个可以让你捕捉农场动物的物品。$(p)用拴绳左键单击动物以捕捉它，然后右键单击释放。$(p)农场动物通常只有那些可以繁殖的动物。"
        },
		{
            "type": "patchouli:crafting",
			"recipe": "apotheosis:farmers_leash",
			"text": ""
		}
	]
}