{
  "name": "item.ars_nouveau.spell_bow",
  "icon": "ars_nouveau:spell_bow",
  "category": "equipment",
  "pages": [
    {
      "type": "text",
      "text": "ars_nouveau.page.spell_bow"
    },
    {
      "type": "apparatus_recipe",
      "recipe": "ars_nouveau:spell_bow"
    },
	{
      "type": "text",
	  "title":"item.ars_nouveau.amplify_arrow",
      "text": "ars_nouveau.page.amplify_arrow"
    },
    {
      "type": "apparatus_recipe",
      "recipe": "ars_nouveau:amplify_arrow"
    },
	{
      "type": "text",
	  "title":"item.ars_nouveau.pierce_arrow",
      "text": "ars_nouveau.page.pierce_arrow"
    },
    {
      "type": "apparatus_recipe",
      "recipe": "ars_nouveau:pierce_arrow"
    },
	{
      "type": "text",
	  "title":"item.ars_nouveau.split_arrow",
      "text": "ars_nouveau.page.split_arrow"
    },
    {
      "type": "apparatus_recipe",
      "recipe": "ars_nouveau:split_arrow"
    }
  ]
}