{
    "name": "祝福与诅咒",
    "icon": "turtlemancy:turtle_bless",
    "category": "turtlemancy:getting_started",
    "pages": [
        { 
        	"type": "text",
        	"text": "这很重要$(playername)，请注意。$(turtlemancy)海龟$()的祝福或诅咒是进行仪式最重要的物品。请记得这一点：你不敢杀死$(#009432)海龟$()。海龟很特别，身为一个$(#009432)海龟术士$()，你的工作是照顾它们，而不是伤害它们。$(br2)但是，如果你敢越过那条线\ue908\ue909你可能会难以获得它们的原谅。"
        },
        {
            "type": "spotlight",
        	"item": "turtlemancy:turtle_bless",
            "text": "如果你从来没有以错误的方式对待$(#009432)海龟$()，当你鞠躬并注视着$(#009432)海龟$()时（就像你成为海龟术士一样），$(#009432)海龟$()可能会$(turtlemancy)祝福$()你。如果发生了你将会获得$(turtlemancy)海龟的祝福$()。"
        },
        {
            "type": "spotlight",
        	"item": "turtlemancy:turtle_curse",
            "text": "如果你曾经以错误的方式对待$(#009432)海龟$()，当你鞠躬并注视着$(#009432)海龟$()时（就像你成为海龟术士一样），$(#009432)海龟$()可能会$(#d63031)诅咒$()你。如果发生了你将会获得$(#d63031)海龟的诅咒$()。"
        }
    ]
}