{
    "name": "获取牡蛎",
    "icon": "turtlemancy:oyster_sand",
    "category": "turtlemancy:getting_started",
    "pages": [
        {
            "type": "spotlight",
        	"item": "turtlemancy:oyster_sand",
            "text": "$(l:items/oyster)牡蛎$()可以在沙滩生物群系中的沙子里找到。$(br)你可以通过右击或破坏含有牡蛎的沙子获得。"
        },
        { 
        	"type": "spotlight",
        	"item": "turtlemancy:oyster",
        	"title": "牡蛎",
        	"text": "有很多方法可以从$(l:items/oyster)牡蛎$()中获取珍珠，$(turtlemancy)海龟术士$()出于各种原因经常使用它们。"
        },
        { 
        	"type": "smelting",
        	"recipe": "turtlemancy:cooked_oyster_from_smelting",
        	"title": "含有牡蛎的沙子",
        	"text": "通过烤牡蛎，你将失去获得牡蛎内的珍珠的机会，但你却获得了美味的食物。"
        }
    ]
}