{
    "name": "法术入门：邪门魔杖",
    "icon": "turtlemancy:textures/entities/evil_bubble.png",
    "category": "turtlemancy:spells",
    "pages": [
        {
            "type": "spotlight",
            "title": "邪门魔杖",
        	"item": "turtlemancy:turtle_curse",
            "text": "听我说$(playername)，这不是你应该要找的。$(br2)这是邪门的魔杖。你需要海龟的诅咒来充能它们。你可以使用它们征服世界！（以非常错误的方式）总之，我会告诉你如何获得每种魔杖。"
        },
        {
            "type": "crafting",
        	"recipe": "turtlemancy:dark_turtlemancer_wand",
        	"text": "暗黑魔杖。不能施展一些正派魔杖可以施展的法术，但是这根魔杖可以施展其他法术。"
        },
        {
            "type": "spotlight",
            "title": "高级暗黑魔杖",
        	"item": "turtlemancy:dark_turtlemancer_advanced_wand",
        	"text": "最强大的暗黑$(#009432)海龟术士$()魔杖。和它看起来一样强大。然而，它并不便宜。和上一个暗黑魔杖一样，它不能施展一些正派高级魔杖可以施展的法术，但是可以施展其他法术。$(br2)你必须进行$(l:rituals/common_rituals#ritual_evil_wand)这个仪式$()来获取此魔杖。"
        }
    ],
    "priority": true,
    "sortnum": 1
}