{
    "name": "以物易物",
    "icon": "minecraft:piglin_spawn_egg",
    "category": "allthemodium:misc",
    "sortnum": "2",
    "pages": [{
            "type": "entity",
            "entity": "minecraft:piglin",
            "rotate": "false",
            "default_rotation": "-45"
        },
        {
            "type": "spotlight",
            "item": "minecraft:gold_ingot",
            "title": "以物易物",
            "link_recipe": false,
            "text": "和猪灵以物易物对于在游戏早期获得一些好东西很有用。你可以通过丢出金锭与他们进行交易，或者使用金锭右击他们。$(br2)关于添加的交易，请见下一页"
        },
        {
            "type": "text",
            "text": "$(li)ATM靴子-权重 1$(li)ATM药水-权重 1$(li)2-4 ATM苹果-权重 4$(li)1-2 ATM胡萝卜-权重 3$(li)1-4 ATM粒-权重 8"
        },
        {
            "type": "text",
            "text": ""
        }
    ]
}