{
    "name": "Allthemodium 工具",
    "icon": "allthemodium:alloy_paxel",
    "category": "allthemodium:misc",
    "sortnum": "1",
    "pages": [{
            "type": "text",
            "text": "Allthemodium 包含一些工具，大多数工具如预期一样，镐尖斧具有一些独特的功能。"
        },
        {
            "type": "crafting",
            "recipe": "allthemodium:main/alloy_paxel",
            "text": "镐尖斧有一些独特的作用$(li)制作草径$(li)剥离原木皮$(li)把黑曜石变成哭泣的黑曜石"
        },
        {
            "type": "crafting",
            "recipe": "allthemodium:main/alloy_pick",
            "recipe2": "allthemodium:main/alloy_shovel"
        },
        {
            "type": "crafting",
            "recipe": "allthemodium:main/alloy_sword",
            "recipe2": "allthemodium:main/alloy_axe"
        }
    ]
}