{
    "name": "难得素-ATM",
    "icon": "allthemodium:unobtainium_allthemodium_alloy_ingot",
    "category": "allthemodium:alloys",
    "sortnum": "2",
    "pages": [{
            "type": "text",
            "text": "难得素-ATM合金是三个合金的中级合金，它是在龙霆锻炉中锻造的。$(br)左槽是难得素$(br)右槽是ATM"
        },
        {
            "type": "entity",
            "entity": "iceandfire:lightning_dragon",
            "scale": 0.9,
            "rotate": true,
            "default_rotation": -45
        }
    ]
}