{
    "name": "难得素-振金",
    "icon": "allthemodium:unobtainium_vibranium_alloy_ingot",
    "category": "allthemodium:alloys",
    "sortnum": "3",
    "pages": [{
            "type": "text",
            "text": "难得素-振金合金是三个合金中最强的，它是在龙霜锻炉中锻造的。$(br)左槽是难得素$(br)右槽是振金"
        },
        {
            "type": "entity",
            "entity": "iceandfire:ice_dragon",
            "scale": 0.9,
            "rotate": true,
            "default_rotation": -45
        }
    ]
}