{
    "name": "振金-ATM",
    "icon": "allthemodium:vibranium_allthemodium_alloy_ingot",
    "category": "allthemodium:alloys",
    "sortnum": "1",
    "pages": [{
            "type": "text",
            "text": "振金-ATM合金是三个合金中最弱的，它是在龙炎锻炉中锻造的。$(br)左槽是振金$(br)右槽是ATM"
        },
        {
            "type": "entity",
            "entity": "iceandfire:fire_dragon",
            "scale": 0.9,
            "rotate": true,
            "default_rotation": -45
        }
    ]
}