{
  "name": "ars_nouveau.page1.summoning_familiars",
  "sortnum":-1,
  "icon": "ars_nouveau:ritual_binding",
  "category": "familiars",
  "pages": [
    {
      "type": "text",
      "text": "ars_nouveau.page2.summoning_familiars"
    }, {
      "type": "text",
      "text": "ars_nouveau.page3.summoning_familiars"
    },{
      "type": "text",
      "text": "ars_nouveau.page4.summoning_familiars"
    },{
		"type": "relations",
		"entries":["machines/ritual","rituals/binding"]        
       }
  ]
}