{
    "name": "信息菜单",
    "icon": "apotheosis:textures/gui/book/question_mark.png",
    "category": "apotheosis:enchanting/table",
	"flag": "apotheosis:enchanting",
    "pages": [
        {
            "type": "patchouli:text",
            "text": "附魔台有一个实用的界面，可以让你了解目前可用的附魔。$(p)要打开此界面，请在附魔台上放置一个物品，然后单击右上角的问号。"
        },
		{
			"type": "patchouli:text",
			"text": "本章节的目的是介绍这个界面，帮助你导航它。$(p)如果你对它有充分的了解，你就再也不会被附魔迷惑了。"
		},
		{
            "type": "patchouli:image",
			"title": "附魔槽选择",
			"images": [
				"apotheosis:textures/gui/book/slot_selector.png"
			],
			"text": "这使您可以检查要选择的附魔槽。"
        },
		{
			"type": "patchouli:text",
			"text": "当前选择的附魔槽将会高亮显示，不可用的插槽将变灰。$(p)悬停在附魔槽将显示等级、$(4)最低强度$()和$(9)最高强度$()。"
		},
		{
            "type": "patchouli:image",
			"title": "附魔界面",
			"images": [
				"apotheosis:textures/gui/book/enchantments_window.png"
			],
			"text": "这将会显示可用的附魔。"
        },
		{
			"type": "patchouli:text",
			"text": "结合当前物品和选择的强度，可以使用一些附魔。$(p)此界面将显示每个附魔、它们的等级、稀有度和几率。$(p)它还会显示什么附魔是相互冲突的。"
		},
		{
            "type": "patchouli:image",
			"title": "强度滑块",
			"images": [
				"apotheosis:textures/gui/book/power_slider.png"
			],
			"text": "这使你可以更改模拟强度。"
        },
		{
			"type": "patchouli:text",
			"text": "当您选择一个附魔槽时，强度滑块会直接在强度范围的中间自动选择强度。$(p)强度滑块的范围不会低于$(4)最低强度$()和$(9)最高强度$()。"
		},
		{
            "type": "patchouli:image",
			"title": "稀有等级权重",
			"images": [
				"apotheosis:textures/gui/book/weights.png"
			],
			"text": "显示每个稀有等级的权重。"
        },
		{
			"type": "patchouli:text",
			"text": "每个附魔都有稀有等级，每个稀有等级都有权重。$(p)所选择的附魔的几率是它的个体权重除以附魔池（所有可用附魔的权重）。$(p)$(#A800A8)阿卡那$()可以改变稀有等级的权重。"
		}
	]
}