{
    "name": "灌注附魔",
    "icon": "apotheosis:hellshelf",
    "category": "apotheosis:enchanting/table",
	"flag": "apotheosis:enchanting",
    "pages": [
        {
            "type": "patchouli:text",
            "text": "$(9)灌注附魔$()是一种通过附魔台来制作的新方法。$(p)每个灌注附魔的配方都必须要有一个物品输入和三个附魔属性。"
        },
		{
			"type": "patchouli:text",
			"text": "每个附魔属性的要求通常需要至少一些数值，并且可以具有最大值。$(p)灌注附魔仅可以使用第三个附魔槽，并且会让你过度消耗经验。"
		},
		{
			"type": "patchouli:text",
			"text": "要使用灌注附魔，只需将物品放入物品槽中即可。$(p)如果你的附魔属性数值正确，第三个附魔槽将亮起，单击它将进行灌注附魔。"
		}
	]
}