{
    "name": "附魔等级",
    "icon": "minecraft:experience_bottle",
    "category": "apotheosis:enchanting/table",
	"flag": "apotheosis:enchanting",
    "pages": [
        {
            "type": "patchouli:text",
            "text": "在附魔的过程中，你需要消耗经验和青金石来附魔物品。$(p)但是如何选择附魔？$(p)答案是附魔等级。"
        },
		{
            "type": "patchouli:text",
            "text": "首先，我们将讨论如何选择附魔。$(p)每个附魔都有一个$(5)等级函数$()，它控制$(#CC00CC)最终附魔等级$()将使特定等级可用。$(p)一旦收集了所有可用的附魔，就会根据它们的权重随机选择一些附魔。"
        },
		{
			"type": "patchouli:text",
			"text": "但是$(#CC00CC)最终附魔等级$()是如何计算的呢？嗯，这需要一些数学。$(p)首先，你有一个$(6)基础附魔等级$()，这是你在附魔时花费的等级。$(p)然后，$(#FC5454)量子化$()和校准修改你的$$(6)基础附魔等级$()以产生你的$(#CC00CC)最终附魔等级$()。"
		},
		{
			"type": "patchouli:text",
			"text": "每个附魔属性如何修改你的$(6)基础附魔等级$()的细节可以在$(l:apotheosis:enchanting/table/stats#quanta)$(#FC5454)量子化$()和$(l:apotheosis:enchanting/table/stats#rectification)校准$()中找到。$(p)通常，较高的$(#CC00CC)最终附魔等级$()将使你获得更高等级的附魔。"
		}
	]
}