{
    "name": "附魔种子",
    "icon": "minecraft:wheat_seeds",
    "category": "apotheosis:enchanting/table",
	"flag": "apotheosis:enchanting",
    "pages": [
        {
            "type": "patchouli:text",
            "text": "附魔（以及其他一些机制）中的所有内容都基于你的$(9)附魔种子$()。$(p)每当你在附魔台上附魔物品时，附魔种子都会改变。"
        },
		{
			"type": "patchouli:text",
			"text": "除非你的附魔种子发生变化，否则所有基于附魔种子的随机结果都将保持不变。$(p)例如，为附魔槽选择的附魔是基于种子的随机结果。"
		}
	]
}