{
    "name": "附魔属性",
    "icon": "minecraft:bookshelf",
    "category": "apotheosis:enchanting/table",
	"flag": "apotheosis:enchanting",
    "pages": [
        {
            "type": "patchouli:text",
            "text": "在神化模组中，附魔不仅仅取决于等级。$(p)目前有五个新的附魔属性。$(p)提供附魔属性的方块将在其提示文本中显示。"
        },
		{
			"type": "patchouli:text",
			"title": "位阶",
			"text": "$(#3DB53D)位阶$()是主要的附魔属性。$(p)$(#3DB53D)位阶$()的每一点都会使最大附魔等级增加 2。$(p)某些方块只能提供$(#3DB53D)位阶$()达到某个最大值。"
		},
		{
			"type": "patchouli:text",
			"title": "量子化",
			"anchor": "quanta",
			"text": "$(#FC5454)量子化$()是次要的附魔属性。它控制着附魔的变化。$(p)在附魔期间，你有一个$(6)基础附魔等级$()，这是你用来附魔的等级，然后是$(#CC00CC)最终附魔等级$()，被修改过的。$(p)$$(#FC5454)量子化$()是修改过程中的条件之一。"
		},
		{
			"type": "patchouli:text",
			"text": "选择一个值，介于$(4)1 - 量子化$()和$(9)1 + 量子化$()。$(p)你的$(#CC00CC)最终附魔等级$()等于该值乘以你的$(6)基础附魔等级$()。$(p)较高的$(#FC5454)量子化$()数值会增加强度范围，这意味着你的附魔在其$(#CC00CC)最终附魔等级$()中的一致性较差。"
		},
		{
			"type": "patchouli:text",
			"title": "阿卡那",
			"text": "$(#A800A8)阿卡那$()是次要的附魔属性。它控制稀有等级的权重，并且在某些阈值下将保证你获得额外的附魔。$(p)在$(#A800A8)阿卡那$()达到 25% 时，你将始终获得至少两个附魔。 在 75% 时，你将始终获得三个。"
		},
		{
			"type": "patchouli:text",
			"text": "默认情况下，稀有度具有以下权重：$(p)普通：10$(br)罕见：5$(br)珍贵：3$(br)超级稀有：1$(p)每 10% 的$(#A800A8)阿卡那$()改变权重，最终完全倒置。$(p)悬停在$(#A800A8)阿卡那$()条上将显示当前权重。"
		},
		{
			"type": "patchouli:text",
			"title": "校准",
			"anchor": "rectification",
			"text": "校准是第三级的附魔属性。它将直接影响$(#FC5454)量子化$()修改的下限。$(p)回想一下，你的$(4)最低强度$()等于$(4)1 - 量子化$()。$(p)在使用校准（R）的时候，你的$(4)最低强度$()等于$(4)1 - （1 - R） * 量子化$()。"
		},
		{
			"type": "patchouli:text",
			"text": "如果这没有生命感觉，请不要担心。$(p)只要知道更高的校准值是一件好事。$(p)你也会有负校准值的时候，这将使不好的。"
		},
		{
			"type": "patchouli:text",
			"title": "附魔线索",
			"text": "附魔线索是另一个第三级的附魔属性。$(p)每条线索允许你在预览界面中看到一个额外的附魔。$(p)当你可以看到所有可用的附魔时，文本会略有所变化。"
		},
		{
			"type": "patchouli:text",
			"text": "你也可以将附魔线索降至零，将会什么也看不见。"
		}
	]
}