{
    "name": "召唤仪式",
    "icon": "minecraft:turtle_spawn_egg",
    "category": "turtlemancy:rituals",
    "pages": [
        {
            "type": "text",
            "text": "$(turtlemancy)召唤仪式$()是让特定生物出现在你面前的方法。召唤仪式就像一般仪式，可以被任意充能$(thing)海龟祭坛$()进行。$(br2)这种魔法是海龟术和仪式的结合，以召唤不同的生物。他的步骤就像仪式一样，但祭坛物品一定是精华。"
        },
        {
            "type": "turtlemancy:common_ritual_recipe",
            "recipe": "turtlemancy:summon_turtle",
            "title": "海龟召唤仪式",
            "description": "此仪式会召唤一只幼年（接近成年）$(l)$(#009432)海龟$()。"
        },
        {
            "type": "turtlemancy:common_ritual_recipe",
            "recipe": "turtlemancy:summon_magma_turtle",
            "title": "岩浆龟召唤仪式",
            "description": "此仪式会召唤一只幼年（接近成年）$(l)岩浆龟。"
        },
        {
            "type": "turtlemancy:common_ritual_recipe",
            "recipe": "turtlemancy:summon_witch",
            "title": "女巫召唤仪式",
            "description": "此仪式会召唤一只$(l)$(thing)女巫$()。"
        },
        {
            "type": "turtlemancy:common_ritual_recipe",
            "recipe": "turtlemancy:summon_slime",
            "title": "史莱姆召唤仪式",
            "description": "此仪式会召唤一只$(l)$(thing)史莱姆$()。"
        },
        {
            "type": "turtlemancy:common_ritual_recipe",
            "recipe": "turtlemancy:summon_shulker",
            "title": "潜影贝召唤仪式",
            "description": "此仪式会召唤一只$(l)$(thing)潜影贝$()。"
        },
        {
            "type": "turtlemancy:common_ritual_recipe",
            "recipe": "turtlemancy:summon_skeleton_horse",
            "title": "骷髅马召唤仪式",
            "description": "此仪式会召唤一只$(l)$(thing)已驯服的骷髅马$()。"
        },
        {
            "type": "turtlemancy:common_ritual_recipe",
            "recipe": "turtlemancy:summon_guardian",
            "title": "守卫者召唤仪式",
            "description": "此仪式会召唤一只$(l)$(thing)守卫者$()。"
        },
        {
            "type": "turtlemancy:common_ritual_recipe",
            "recipe": "turtlemancy:summon_ghast",
            "title": "恶魂召唤仪式",
            "description": "此仪式会召唤一只$(l)$(thing)恶魂$()。"
        }
    ],
    "sortnum": 4
}