{
    "name": "蜘蛛网",
    "icon": "minecraft:cobweb",
    "category": "apotheosis:enchanting/utility",
	"flag": "apotheosis:enchanting",
    "pages": [
        {
            "type": "patchouli:text",
            "text": "蜘蛛网可以与铁砧中的物品结合以移除所有附魔。$(p)海晶蜘蛛网可以与铁砧中的物品结合以移除所有诅咒附魔。"
        },
		{
            "type": "patchouli:crafting",
			"recipe": "apotheosis:cobweb",
			"recipe2": "apotheosis:prismatic_web"
		}
	]
}