{
    "name": "附魔储备台",
    "icon": "apotheosis:enchantment_library",
    "category": "apotheosis:enchanting/utility",
	"flag": "apotheosis:enchanting",
	"sortnum": 2,
    "pages": [
        {
            "type": "patchouli:text",
            "text": "附魔储备台是附魔的存储系统。$(p)只需输入附魔书，书上的每一个附魔都将作为点数存储。"
        },
		{
			"type": "patchouli:text",
			"text": "每个储备台都有一个$(6)等级上限$()，代表它可以存储的附魔的最高等级。$(p)多余的附魔将会清空。"
		},
		{
			"type": "patchouli:text",
			"text": "单击存储的附魔将提取该附魔的一个等级。$(p)按住 Shift 键单击存储的附魔将提取尽可能多的等级。$(p)书将会在输出槽中自动生成。"
		},
		{
			"type": "patchouli:text",
			"text": "你也可以在输出槽中放置一本附魔书以添加附魔。$(p)储备台记录了每个附魔输入的最高等级，并且只能提取到该等级。"
		},
		{
            "type": "patchouli:crafting",
			"recipe": "apotheosis:enchantment_library",
			"text": "标准的$(9)附魔储备台$()的$(6)等级上限$()为十六级（XVI）。"
		},
		{
			"type": "patchouli:spotlight",
			"item": "apotheosis:ender_library",
			"link_recipe": true,
			"text": "$(9)亚历山大储备台$()的$(6)等级上限$()为三十一级（XXXI）。$(p)此储备台不能直接制作，必须使用$(l:apotheosis:enchanting/table/infusion)灌注附魔$()来制作。"
		}
	]
}