{
    "name": "分解宝典",
    "icon": "apotheosis:scrap_tome",
    "category": "apotheosis:enchanting/utility",
	"flag": "apotheosis:enchanting",
	"sortnum": 1,
    "pages": [
        {
            "type": "patchouli:text",
            "text": "分解宝典是一种从物品中提取附魔的方法。$(p)在铁砧中将分解宝典与另一个物品结合会破坏另一个物品，并随机制作一本带有一些附魔的附魔书。"
        },
		{
            "type": "patchouli:crafting",
			"recipe": "apotheosis:scrap_tome",
			"text": "你将始终获得被分解的物品一半的附魔（四舍五入）。$(p)选择的附魔基于你的$(l:apotheosis:enchanting/table/seed)附魔种子$()。"
		}
	]
}