{
    "name": "宝典",
    "icon": "apotheosis:null_book",
    "category": "apotheosis:enchanting/utility",
	"flag": "apotheosis:enchanting",
    "pages": [
        {
            "type": "patchouli:text",
            "text": "宝典是一种特殊类型的书。$(p)宝典可以像书一样被附魔，但只能获得特定的附魔。$(p)$(l:apotheosis:enchanting/utility/scrapping)分解宝典$()是例外，这有另一个目的。"
        },
		{
            "type": "patchouli:crafting",
			"recipe": "apotheosis:null_book",
			"text": "一旦你附魔了宝典，它就会变成一本附魔书。"
		},
		{
            "type": "patchouli:crafting",
			"recipe": "apotheosis:armor_head_book",
			"recipe2": "apotheosis:armor_chest_book",
			"text": ""
		},
		{
            "type": "patchouli:crafting",
			"recipe": "apotheosis:armor_legs_book",
			"recipe2": "apotheosis:armor_feet_book",
			"text": ""
		},
		{
            "type": "patchouli:crafting",
			"recipe": "apotheosis:weapon_book",
			"recipe2": "apotheosis:digger_book",
			"text": ""
		},
		{
            "type": "patchouli:crafting",
			"recipe": "apotheosis:fishing_rod_book",
			"recipe2": "apotheosis:bow_book",
			"text": ""
		}
	]
}