{
    "name": "block.ars_nouveau.mana_berry_bush",
    "icon": "ars_nouveau:mana_berry",
    "category": "resources",
    "pages": [
        {
            "type": "text",
            "text": "ars_nouveau.page1.mana_berry"
        },
        {
            "type": "crafting",
            "recipe": "ars_nouveau:source_berry_pie",
            "recipe2": "ars_nouveau:source_berry_roll"
        },
		{
            "type": "relations",
            "entries":["apparatus/carbuncle_charm"]        
        }
    ]
}
