{
    "name": "ars_nouveau.weald_walker",
    "icon": "ars_nouveau:ritual_awakening",
    "category": "resources",
    "pages": [
        {
            "type": "text",
            "text": "ars_nouveau.page1.weald_walker"
        },{
            "type": "text",
            "text": "ars_nouveau.page1.weald_waddler"
        },{
			"type": "entity",
		  "entity": "ars_nouveau:blazing_weald_walker",
		  "text":"ars_nouveau.page2.weald_walker"
		},{
			"type": "entity",
		  "entity": "ars_nouveau:cascading_weald_walker",
		  "text":"ars_nouveau.page3.weald_walker"
		},{
			"type": "entity",
		  "entity": "ars_nouveau:flourishing_weald_walker",
		  "text":"ars_nouveau.page4.weald_walker"
		},{
			"type": "entity",
		  "entity": "ars_nouveau:vexing_weald_walker",
		  "text":"ars_nouveau.page5.weald_walker"
		},
		{
            "type": "relations",
            "entries":["rituals/awakening"]
        }
    ]
}
