{
    "name": "ars_nouveau.wilden",
    "icon": "ars_nouveau:wilden_horn",
    "category": "resources",
    "pages": [
        {
            "type": "text",
            "text": "ars_nouveau.page1.wilden"
        },{
			"type": "entity",
		  "entity": "ars_nouveau:wilden_hunter",
		  "text":"ars_nouveau.page2.wilden"
		},{
			"type": "entity",
		  "entity": "ars_nouveau:wilden_stalker",
		  "text":"ars_nouveau.page3.wilden"
		},{
			"type": "entity",
		  "entity": "ars_nouveau:wilden_guardian",
		  "text":"ars_nouveau.page4.wilden"
		},{
			"type": "entity",
		  "entity": "ars_nouveau:wilden_boss",
		  "text":"ars_nouveau.page5.wilden"
		},
		{
			"type":"text",
			"text":"ars_nouveau.page6.wilden"
		
		}
    ]
}
