{
    "name": "进阶法术",
    "icon": "turtlemancy:turtlemancer_wand",
    "category": "turtlemancy:spells",
    "pages": [
        {
            "type": "spotlight",
            "title": "进阶法术",
        	"item": "turtlemancy:turtlemancer_wand",
            "text": "海龟术士魔杖可以施展的所有法术的概要。$(br2)（此魔杖也可以施展基础法术）。"
        },
        {
            "type": "image",
            "title": "泡泡飘浮术 II",
        	"images":[ 
        			"turtlemancy:textures/book/bubble.png"
        	],
        	"border": true,
            "text": "存在时间更长。此外，它也会治疗更多血量。"
        },
        {
            "type": "image",
            "title": "自身泡泡飘浮术 II",
            "images":[ 
        			"turtlemancy:textures/book/self_bubble.png"
        	],
        	"border": true,
            "text": "你可以按 $(k:turtlemancy.selfbubble) 来使泡泡飘浮术 II 应用在你身上。"
        },
        {
            "type": "text",
            "title": "海龟防御术 II",
            "text": "潜行使用魔杖会获得$(thing)抗性提升 II$() 和$(thing)缓慢 I$() 作为代价。"
        },
        {
            "type": "spotlight",
            "title": "羊爆术",
        	"item": "minecraft:white_wool",
            "text": "对绵羊使用魔杖会使其爆炸。对。海龟讨厌绵羊（但不大于鸡）。为什么？我不知道。可能是因为它们很平滑和舒适，而且拥有接近 360 度的视野。使绵羊爆炸会获得很多羊毛。"
        },
        {
            "type": "spotlight",
            "title": "鱿爆术",
        	"item": "minecraft:ink_sac",
            "text": "对鱿鱼使用魔杖会使其爆炸。对。海龟讨厌鱿鱼（但不大于鸡）。为什么？我不知道。可能是因为它们是丑陋且恐怖的水下动物。使鱿鱼爆炸会获得很多墨囊。"
        },
		{
			"type": "spotlight",
			"title": "黑曜石获取术",
			"item": "minecraft:obsidian",
			"text": "对黑曜石使用魔杖会瞬间获得它（甚至是哭泣的黑曜石）。$(br2)黑曜石对于海龟的力量不算什么。$(br2)海龟术士不需要浪费半天来获取一块黑曜石（即使他们足够耐心）。"
		},
		{
			"type": "spotlight",
			"title": "基岩破坏术",
			"item": "turtlemancy:little_fragment_of_bedrock",
			"text": "海龟术士真的很强大。$(br2)海龟术士是如此强大，如果他们对基岩用尽所有力量，他们可以获取\ue908\ue909$(br)它的小碎片。 $(br2)$(o)此法术需要完整的耐久度才能作用。"
		},
		{
			"type": "spotlight",
			"title": "燧石拾取术",
			"item": "minecraft:flint",
			"text": "对沙砾使用魔杖会获得燧石。一直。"
		},
		{
			"type": "spotlight",
			"title": "黏土拾取术",
			"item": "minecraft:clay",
			"text": "对黏土使用魔杖会获得很多黏土球。"
		}    
	],
    "sortnum": 3
}