{
    "name": "药水护符",
    "icon": "apotheosis:potion_charm",
    "category": "apotheosis:potion/charms",
	"flag": "apotheosis:potion",
	"sortnum": -1,
    "pages": [
        {
            "type": "patchouli:text",
            "text": "$(9)药水护符$()是一个全新的物品，可以帮助你充分利用药水。$(p)虽然普通的药水需要你喝下它且会立即使用整个效果，但$(9)药水护符$()可以让你随开随用，随关随停。"
        },
		{
            "type": "patchouli:crafting",
			"recipe": "apotheosis:potion_charm",
			"title": "制作药水护符",
            "text": "一个药水护符是由三种相同类型的药水和一些烈焰粉制成的。$(p)一个护符的药水效果持续时间比三瓶药水加起来的时间长。"
        },
		{
            "type": "patchouli:text",
			"title": "使用药水护符",
            "text": "$(9)药水护符$()仅在启用时有效。$(p)要启用护符，只需在拿在手中并单击右键即可。$(p)启用的护符将会发光。"
        },
		{
            "type": "patchouli:text",
            "text": "只要药水护符启用并且在你的物品栏中，它就会将药水效果应用到你身上，消耗耐久。$(p)护符一次只会应用几秒钟的药水效果。$(p)当护符的耐久使用完时，便会损坏。"
        }
	]
}