{
    "name": "坚不可摧的药水护符",
    "icon": "minecraft:enchanting_table",
    "category": "apotheosis:potion/charms",
	"flag": "&apotheosis:potion,apotheosis:enchanting",
	"sortnum": -1,
    "pages": [
        {
            "type": "patchouli:text",
            "text": "通过$(l:apotheosis:enchanting/table/infusion)灌注附魔$()，可以使药水护符变得坚不可摧。$(p)通过灌注附魔，你可以拥有无限的任何药水效果。"
        },
		{
            "type": "patchouli:text",
            "text": "坚不可摧的护符的灌注配方相当困难。$(p)你需要对$(l:apotheosis:enchanting/table/stats)附魔属性$()有深入的了解才能灌注它。"
        }
	]
}