{
    "name": "制箭",
    "icon": "minecraft:fletching_table",
    "category": "apotheosis:village/village",
	"flag": "apotheosis:village",
	"sortnum": -1,
    "pages": [
        {
            "type": "patchouli:text",
            "text": "神化模组引入了一种名为$(9)制箭$()的新的制作方式。$(p)它可以让你更有效地制作箭矢。$(p)除了制作方式之外，还有新的箭矢。"
        },
		{
            "type": "patchouli:spotlight",
			"item": "apotheosis:obsidian_arrow",
			"link_recipe": true,
            "text": "$(9)黑曜石箭$()是对原版的箭的直接升级。$(p)它使所有远程攻击造成 20% 的额外伤害。"
        },
		{
            "type": "patchouli:spotlight",
			"item": "apotheosis:broadhead_arrow",
			"anchor": "broadhead",
			"link_recipe": true,
            "text": "$(9)宽头箭$()最适合长时间的战斗。$(p)每次命中都会使目标流血。每次命中都会刷新持续时间，并增加目标的流血程度。"
        },
		{
            "type": "patchouli:spotlight",
			"item": "apotheosis:explosive_arrow",
			"link_recipe": true,
            "text": "$(9)爆炸箭$()最适合对付群体。$(p)它会在撞击时引起爆炸。"
        },
		{
            "type": "patchouli:spotlight",
			"item": "apotheosis:iron_mining_arrow",
			"link_recipe": true,
            "text": "$(9)铁头采矿箭$()就像一把飞行的镐子。$(p)所有被这支箭击中的方块都会被挖掘，就好像它们被铁镐挖掘一样。"
        },
		{
            "type": "patchouli:spotlight",
			"item": "apotheosis:diamond_mining_arrow",
			"link_recipe": true,
            "text": "$(9)钻石头采矿箭$()是更好的飞行的镐子！$(p)所有被这支箭击中的方块都会被挖掘，就好像它们被钻石镐挖掘一样。"
        }
	]
}