{
    "name": "流浪商人",
    "icon": "minecraft:emerald",
    "category": "apotheosis:village/village",
	"flag": "apotheosis:village",
	"sortnum": 0,
    "pages": [
        {
            "type": "patchouli:text",
            "text": "你有没有遇到过那些只出现在你草坪上的阴暗商人？$(p)那些人被称为$(9)流浪商人$()。$(p)通常他们只卖热呼呼的垃圾。"
        },
		{
            "type": "patchouli:text",
            "text": "然而，神化模组为他们添加了大量的新交易，因此它们实际上值得与之互动。$(p)这些交易包括$(9)信标$()或$(9)不死图腾$()等物品，以及重度附魔的钻石装备。"
        }
	]
}