{
    "name": "开始自动化",
    "icon": "ars_nouveau:spell_turret",
	"sortnum":10,
    "category": "getting_started",
    "pages": [
        {
            "type": "text",
            "text": "所有法术都可通过书龙、法术炮塔这样的施法生物或装置用于自动化。你可以建造自动化农场、树场、采矿场、蛋糕工厂、玻璃工厂，还有更多！对于物品运输和自动合成，或者资源生产，参见可用护符召唤的多种魔法实体。"       
        },
		{
            "type": "relations",
            "entries":["apparatus/whelp_charm", "apparatus/spell_turret","apparatus/carbuncle_charm","apparatus/wixie_charm"]        
        }
    ]
}
