{
    "name": "新手法术",
    "icon": "ars_nouveau:glyph_break",
	"sortnum":3,
    "category": "getting_started",
    "pages": [
        {
            "type": "text",
            "text": "一开始你只能得到少量低效果类和形态类构件。不过，当你获得了魔符压印器，你就能合成任何法术。为了帮助你作出决定，这里是一些推荐的初始法术构件。"       
        },
		{
            "type": "spotlight",
			"item":"ars_nouveau:glyph_break",
            "title":"破坏",
			"text":"初始法术效果之一。构造出弹射物 -> 破坏或者触摸 -> 破坏，便能以铁镐的挖掘等级挖掘方块。"
        },
		{
            "type": "spotlight",
			"item":"ars_nouveau:glyph_harm",
            "title":"伤害",
			"text":"初始法术效果之一。构造出弹射物 -> 伤害或者触摸 -> 伤害，便能用来对敌人造成小额伤害。"
        },
		{
            "type": "spotlight",
			"item":"ars_nouveau:glyph_haste",
            "title":"速度",
			"text":"可用魔符压印器合成的一级法术效果。该效果能使目标获得速度状态。可以尝试自身 -> 速度。"
        },{
            "type": "spotlight",
			"item":"ars_nouveau:glyph_light",
            "title":"光明",
			"text":"可用魔符压印器合成的一级法术效果。该效果对方块使用时创造永久光源，对实体施放会使其获得夜视。"
        },
		{
            "type": "spotlight",
			"item":"ars_nouveau:glyph_amplify",
            "title":"强化",
			"text":"可用魔符压印器合成的一级法术增强。该增强构件能增加大多数法术的强度。可以尝试使用弹射物 -> 破坏 -> 强化 -> 强化来破坏黑曜石，也可用于伤害构件来提高输出。"
        },
		{
            "type": "spotlight",
			"item":"ars_nouveau:glyph_ignite",
            "title":"点燃",
			"text":"可用魔符压印器合成的一级法术效果。具体效果为点燃实体和方块。是一种提高伤害的廉价方法。可以尝试弹射物 -> 伤害 -> 点燃"
        },
		{
            "type": "spotlight",
			"item":"ars_nouveau:glyph_summon_steed",
            "title":"召唤骏马",
			"text":"可用魔符压印器合成的一级法术效果。能召唤出已被驯服且装好了鞍的马。这些马会在一定时间后消失。"
        },
		{
            "type": "relations",
            "entries":["machines/glyph_press"],
			"text":"要学习创造新魔符的知识，请参阅魔符压印器条目。"
        }
    ]
}
