{
    "name": "更好地施法",
    "icon": "ars_nouveau:novice_robes",
	"sortnum":7,
    "category": "getting_started",
    "pages": [
        {
            "type": "text",
            "text": "你的魔力池可以变大，方法有特殊的法师盔甲、附魔、学习新魔符或者饮用药水。一旦你获得了魔力花种子，你就能进一步合成初学者法袍。法袍会显著增加你的施法能力。各类法袍都能使用你的魔力自我修复，而且还有较好的附魔能力。法袍还能为你提供相当不错的保护。"       
        },
		{
            "type": "relations",
            "entries":["machines/enchanting_apparatus", "apparatus/mana_bloom_crop","items/armor"]        
        }
    ]
}
