{
    "name": "法术与魔力",
    "icon": "ars_nouveau:novice_spell_book",
	"sortnum":2,
    "category": "getting_started",
    "pages": [
        {
            "type": "text",
            "text": "使用$(thing)法术书$()施法时需要消耗魔力。玩家的魔力上限、魔力再生速度都能提升，具体方式包括：穿上特殊的$(item)法师盔甲$()、在装备上使用$(item)魔力提升$()或者$(item)魔力再生$()附魔。另外，在法术书中每解锁一个法术构件，你的魔力上限和魔力再生速度都会有额外提升。"       
        },
		{
            "type": "text",
            "text": "在法术书中添加魔符也会提升你的魔法上限和魔法再生速度。这一提升会随法术书等级的提升而增加。"       
        }
    ]
}
