{
    "name": "施法",
    "icon": "ars_nouveau:novice_spell_book",
	"sortnum":1,
    "category": "getting_started",
    "pages": [
        {
            "type": "text",
            "text": "要开始施法，你首先需要获取一本法术书。一本法术书能让你创造、存储和施展需要魔力的法术。更高等级的法术书会提供额外的法术构件槽，允许你构造更复杂的法术。$(br)要构造你的第一个法术，首先要选择法术的$(bold)形态$()。一个$(bold)形态$()构件必须总是法术配方中的第一个构件。"       
        },
        {
            "type": "text",
            "text": "下一步，在法术链中添加任意数量的$(bold)效果$()。效果决定了法术的$(italic)功能$()，而且会按放置顺序，在法术的目标或位置处逐一生效。$(bold)增强$()类构件可用于修改效果或形态的行为。$(bold)增强$()可放在效果或形态后。增强类的构件只会对其$(bold)左边$()的第一个构件起效。多个连接的构件可对同一个效果或形态生效。"       
        },
        {
            "type": "text",
            "text": "如果你想在不同标签页设置法术，可以在右边选择一个不同的标签页并重复上述过程。多个按键可用于使用法术书。$(br)打开法术书：$(k:ars_nouveau.open_book)$(br)快速选单：$(k:ars_nouveau.selection_hud)$(br)下一法术：$(k:ars_nouveau.next_slot)$(br)前一法术：$(k:ars_nouveau.previous_slot)"       
        },
		{
            "type":"crafting",
			"recipe":"ars_nouveau:novice_spell_book"
		}
    ]
}
