{
    "name": "饰品",
    "icon": "ars_nouveau:warp_scroll",
	"sortnum":11,
    "category": "getting_started",
    "pages": [
        {
            "type": "text",
            "text": "饰品可以增强你的施法能力，或者提供独特的状态增益。对于进行更多施法，你可能想要合成节魔之戒魔力再生护身符。对于旅行，你可能想要浮空腰带。要想提升挖矿效率，你需要湮灭之瓶。"       
        },
		{
            "type": "relations",
            "entries":["apparatus/amulet_of_mana_regen", "apparatus/ring_of_lesser_discount","apparatus/belt_of_levitation","items/void_jar","apparatus/jar_of_light","items/warp_scroll"]        
        }
    ]
}
