{
    "name": "升级",
    "icon": "ars_nouveau:archmage_spell_book",
	"sortnum":9,
    "category": "getting_started",
    "pages": [
        {
            "type": "text",
            "text": "2 级和 3 级魔符分别需要法师和大法师的法术书。更高级的法术书能让你施放更高级的法术、将法术用于自动化、带来魔法上限和魔法再生速度的提升。一旦你能升级你的法术书，将你的盔甲升级成下一级法袍。这会让你得到施法方面的更多增益。"       
        },
		{
            "type": "relations",
            "entries":["items/books","items/armor"]        
        }
    ]
}
