{
    "name": "魔源",
    "icon": "ars_nouveau:mana_jar",
	"sortnum":5,
    "category": "getting_started",
    "pages": [
        {
            "type": "text",
            "text": "魔源是一种必须使用世界中的设备进行收集的特殊资源。魔源可用于给魔符压印器和附魔装置之类的设备供能。你需要魔源罐和魔源通道来收集世界中的魔力。"       
        },
		{
            "type": "relations",
            "entries":["source/mana_jar","source/volcanic_accumulator","source/mana_condenser"]        
        }
    ]
}
