{
    "name": "海龟水下速掘",
    "icon": "minecraft:enchanted_book",
    "category": "turtlemancy:enchantments",
    "pages": [
        { 
        	"type": "spotlight",
        	"item": "minecraft:enchanted_book",
        	"title": "海龟水下速掘",
        	"text": "将你在水下的挖掘速度提升至比你在陆地上的挖掘速度更高的水平。",
        	"link_recipe": true
        },
        { 
        	"type": "turtlemancy:common_ritual_recipe",
            "recipe": "turtlemancy:affinity",
            "title": "海龟水下速掘",
            "description": "用$(turtlemancy)海龟水下速掘$()附魔你的装备。"
        }
    ]
}