{
    "name": "祝福珍珠",
    "icon": "turtlemancy:blessed_pearl",
    "category": "turtlemancy:items",
    "pages": [
        { 
        	"type": "spotlight",
        	"item": "turtlemancy:blessed_pearl",
        	"title": "祝福珍珠",
        	"text": "当空珍珠充满了$(turtlemancy)海龟的祝福$()，$(turtlemancy)祝福珍珠$()就被制作出来了。$(br2)祝福珍珠可以作为末影之眼使用，它会搜索最近的$(thing)海底神殿$()。",
        	"link_recipe": true
        },
        { 
        	"type": "crafting",
        	"recipe": "turtlemancy:blessed_pearl"
        }
    ]
}