{
    "name": "珍珠",
    "icon": "turtlemancy:pearl",
    "category": "turtlemancy:items",
    "pages": [
        {
            "type": "text",
            "text": "珍珠在牡蛎内且被$(turtlemancy)海龟术士$()在许多配方中使用。$(br2)珍珠的获取方式有以下几种：$(li)$(l:spells/apprentice_spells#instant_pearl)通过施展珍珠获取术$(li)$(l:turtlemy/basic_turtlemy)通过进行海龟术"
        },
        {
        	"type": "spotlight",
        	"item": "turtlemancy:pearl",
        	"title": "获取珍珠",
        	"text": "任何$(#009432)海龟术士$()魔杖可以通过右击含有牡蛎的沙子瞬间获取牡蛎内的珍珠，但是牡蛎会被法术破坏。"
        }
    ]
}