{
    "name": "鳞甲",
    "icon": "minecraft:scute",
    "category": "turtlemancy:items",
    "pages": [
        {
            "type": "spotlight",
        	"item": "minecraft:scute",
        	"title": "鳞甲",
            "text": "你可以通过从海龟、海龟术或仪式中获取鳞甲。这是一个神奇的材料，不要随意浪费它。"
        },
        { 
        	"type": "spotlight",
        	"item": "turtlemancy:improved_scute",
        	"title": "强化鳞甲",
        	"text": "鳞甲的魔法强化版本。你可以通过进行$(l)$(l:turtlemy/basic_turtlemy#improved_scute)此海龟术配方$()获取它。",
        	"link_recipe": true
        }
    ]
}