{
    "name": "狂战士",
    "icon": "minecraft:enchanted_book",
    "category": "apotheosis:enchanting/enchantments",
	"flag": "apotheosis:enchanting",
	"sortnum": 1,
    "pages": [
        {
            "type": "patchouli:text",
            "text": "$(4)狂战士$()是一种可以应用于胸甲的腐化附魔。$(p)在使用此附魔时，如果你受到伤害，你将会受到额外伤害并获得抗性、速度提升和力量。"
        },
		{
			"type": "patchouli:text",
			"text": "受到的额外伤害和药水强度取决于附魔等级。"
		}
	]
}