{
    "name": "无限箭袋",
    "icon": "minecraft:enchanted_book",
    "category": "apotheosis:enchanting/enchantments",
	"flag": "apotheosis:enchanting",
	"sortnum": 1,
    "pages": [
        {
            "type": "patchouli:text",
            "text": "$(2)无限箭袋$()是弓的极品附魔。$(p)射击时，无论是什么箭矢，都不会被消耗。$(p)它是$(9)无限$()附魔的进阶版。"
        },
		{
            "type": "patchouli:text",
            "text": "这个附魔甚至应该使其他模组的箭矢无限射击。"
        }
	]
}