{
    "name": "阅历",
    "icon": "minecraft:enchanted_book",
    "category": "apotheosis:enchanting/enchantments",
	"flag": "apotheosis:enchanting",
	"sortnum": 1,
    "pages": [
        {
            "type": "patchouli:text",
            "text": "$(2)阅历$()是剑的极品附魔。$(p)当你击杀一个生物时，所有掉落物都会转化为经验。$(p)每个物品都会转换相同数量的经验。"
        },
		{
			"type": "patchouli:text",
			"text": "这使得击杀掉落大量物品的生物最有效。$(p)每个物品所转换的经验会随着附魔等级的增加而增加。$(p)作为预防措施，击杀玩家不会转换他们的物品。"
		}
	]
}