{
    "name": "生命修补",
    "icon": "minecraft:enchanted_book",
    "category": "apotheosis:enchanting/enchantments",
	"flag": "apotheosis:enchanting",
	"sortnum": 1,
    "pages": [
        {
            "type": "patchouli:text",
            "text": "$(4)生命修补$()是一种适用于所有拥有耐久的物品的腐化附魔。$(p)$(9)修补$()附魔将获得的经验转化为耐久度，$(4)生命修补$()则是将获得的生命值转化为耐久。$(p)每个生命值所转换的耐久将随着等级的增加而增加。"
        },
		{
            "type": "patchouli:text",
            "text": "此外，这个附魔可以在附魔台中获得。"
        }
	]
}