{
    "name": "矿工热忱",
    "icon": "minecraft:enchanted_book",
    "category": "apotheosis:enchanting/enchantments",
	"flag": "apotheosis:enchanting",
	"sortnum": 1,
    "pages": [
        {
            "type": "patchouli:text",
            "text": "$(5)矿工热忱$()是一种适用于所有工具的扭曲附魔。$(p)它可以让你非常快速地破坏方块，但绝不是瞬间。$(p)它与$(9)效率$()附魔冲突。"
        },
		{
            "type": "patchouli:text",
            "text": "尽管有速度上限，但每级提升的速度远高于$(9)效率$()附魔。$(p)这使其成为基础速度较慢的工具的理想选择。"
        }
	]
}