{
    "name": "反甲",
    "icon": "minecraft:enchanted_book",
    "category": "apotheosis:enchanting/enchantments",
	"flag": "apotheosis:enchanting",
	"sortnum": 1,
    "pages": [
        {
            "type": "patchouli:text",
            "text": "$(9)反甲$()是一种盾牌的附魔。$(p)它会使所有被格挡的攻击都对攻击者造成一部分伤害。$(p)更具体地说，被格挡的伤害的 15% 会被反弹回来。"
        },
		{
            "type": "patchouli:text",
            "text": "反弹的伤害将会转化为魔法伤害。$(p)附魔等级越高，$(9)反甲$()造成的伤害越高。"
        }
	]
}