{
    "name": "拾荒者",
    "icon": "minecraft:enchanted_book",
    "category": "apotheosis:enchanting/enchantments",
	"flag": "apotheosis:enchanting",
	"sortnum": 1,
    "pages": [
        {
            "type": "patchouli:text",
            "text": "$(2)拾荒者$()是一种剑的极品附魔。$(p)每级有 2.5% 的几率在你杀死一个生物时掉落两次战利品。$(p)触发后，就好像你刚刚杀死了两个相同的生物。"
        },
		{
            "type": "patchouli:text",
            "text": "这个附魔适用于所有生物，包括像$(8)凋零$()这样的 Boss。$(p)它还可以与$(9)抢夺$()附魔叠加。"
        }
	]
}