{
    "name": "稳住脚步",
    "icon": "minecraft:enchanted_book",
    "category": "apotheosis:enchanting/enchantments",
	"flag": "apotheosis:enchanting",
	"sortnum": 1,
    "pages": [
        {
            "type": "patchouli:text",
            "text": "$(9)稳住脚步$()是一种靴子的附魔。$(p)它会消除悬空时挖掘速度下降的惩罚。$(p)这包括所有不站在地面上的惩罚。"
        },
		{
			"type": "patchouli:text",
			"text": "与$(9)水下速掘$()结合使用时，你在水下的挖掘速度将不会下降。"
		}
	]
}