{
    "name": "附魔种类",
    "icon": "minecraft:emerald",
    "category": "apotheosis:enchanting/enchantments",
	"flag": "apotheosis:enchanting",
	"sortnum": -1,
    "pages": [
        {
            "type": "patchouli:text",
            "text": "你可能会注意到一些附魔有不同的颜色名称。$(p)这是因为神化模组引入了三个新的附魔子类别。$(p)每个子类别都有一些规则强加给它们。"
        },
		{
            "type": "patchouli:text",
			"title": "极品",
            "text": "$(2)极品$()附魔代表最强和最稀有的附魔。$(p)它们需要至少 55 等的$(#CC00CC)最终附魔等级$()才能获得。"
        },
		{
            "type": "patchouli:text",
			"title": "扭曲",
            "text": "$(5)扭曲$()附魔总是一好一坏。$(p)它们需要至少 45 等的$(#CC00CC)最终附魔等级$()才能获得。"
        },
		{
            "type": "patchouli:text",
			"title": "腐化",
            "text": "$(4)腐化$()附魔的效果与消耗生命有关。$(p)它们需要至少 65 等的$(#CC00CC)最终附魔等级$()才能获得。$(p)它们被认为是$(c)诅咒$()的。"
        }
	]
}