{
    "name": "高级海龟术",
    "icon": "minecraft:dragon_head",
    "category": "turtlemancy:turtlemy",
    "pages": [
        {
            "type": "text",
            "text": "高级$(turtlemancy)海龟术$()配方需要精华。$(playername)，最好先研究如何获取那些精华。"
        },
        {
            "type": "turtlemancy:turtlemy_recipe",
            "recipe": "minecraft:leather",
            "title": "皮革",
            "text": "你不必再杀死那些可怜的牛了，而是杀死僵尸！"
        },
        {
            "type": "turtlemancy:turtlemy_recipe",
            "recipe": "minecraft:turtle_egg",
            "title": "海龟蛋",
            "text": "唯一一个不通过魔杖或精准采集获得海龟蛋的方法就是转化它。成为一个妈妈吧！"
        },
        {
            "type": "turtlemancy:turtlemy_recipe",
            "recipe": "minecraft:scute",
            "title": "鳞甲",
            "text": "等待$(turtlemancy)海龟$()成长的过程可能很乏味，但多亏了$(turtlemancy)海龟术$()，你会获得一到三个鳞甲。"
        },
        {
            "type": "turtlemancy:turtlemy_recipe",
            "recipe": "turtlemancy:magma_turtle_egg",
            "title": "岩浆龟蛋",
            "text": "唯一一个不通过魔杖或精准采集获得岩浆龟蛋的方法就是转化它。成为一个妈妈吧！"
        },
        {
            "type": "turtlemancy:turtlemy_recipe",
            "recipe": "turtlemancy:magma_scute",
            "title": "岩浆鳞甲",
            "text": "等待$(turtlemancy)岩浆龟$()成长的过程可能很乏味，但多亏了$(turtlemancy)海龟术$()，你会获得一到三个鳞甲。"
        },
        {
            "type": "turtlemancy:turtlemy_recipe",
            "recipe": "minecraft:rabbit_hide",
            "title": "兔子皮",
            "text": "立刻停止击杀那些小兔子！来，采取一个和平的选择。"
        },
        {
            "type": "turtlemancy:turtlemy_recipe",
            "recipe": "minecraft:milk_bucket",
            "title": "奶桶",
            "text": "不要那样子碰牛！很恶心！就\ue908\ue909就\ue908\ue909获得它的精华并将其转化成牛奶，$(playername)。"
        },
        {
            "type": "turtlemancy:turtlemy_recipe",
            "recipe": "turtlemancy:turtlemy_ender_pearl",
            "title": "末影珍珠",
            "text": "多么美丽的珍珠。你需要一颗$(item)末影珍珠$()来制作此配方，但你会获得$(l)两颗$()作为回报。"
        },
        {
            "type": "turtlemancy:turtlemy_recipe",
            "recipe": "turtlemancy:human_pearl",
            "title": "人类珍珠",
            "text": "这颗不漂亮但不丑的（类人型）珍珠会带领你去村庄。用非海龟爱好者的低等实体包围你自己，并拿走他们的绿宝石！"
        },
        {
            "type": "turtlemancy:turtlemy_recipe",
            "recipe": "minecraft:spider_eye",
            "title": "蜘蛛眼",
            "text": "我不知道为什么有人会想要这黏糊糊的臭东西，但\ue908\ue909好吧，如果你真的想要，你可以获得它。"
        },
        {
            "type": "turtlemancy:turtlemy_recipe",
            "recipe": "minecraft:cobweb",
            "title": "蜘蛛网",
            "text": "将节肢精华、一根线和灵魂沙融合在一起，它会转化成一张蜘蛛网。很神奇，对吧？"
        },
        {
            "type": "turtlemancy:turtlemy_recipe",
            "recipe": "minecraft:soul_sand",
            "title": "灵魂沙",
            "text": "如果你懒得在下界里闲逛（但是，身为一个合格的海龟术士，这并不可怕），此配方会给你所需的灵魂沙。"
        },
       
        {
            "type": "turtlemancy:turtlemy_recipe",
            "recipe": "minecraft:heart_of_the_sea",
            "title": "海洋之心",
            "text": "海龟拥有大海，现在，你也拥有了大海。"
        },
        {
            "type": "turtlemancy:turtlemy_recipe",
            "recipe": "minecraft:skeleton_skull",
            "title": "骷髅头颅",
            "text": "当然，$(turtlemancy)海龟术士$()很有耐心。但是否有人有足够的耐心等待闪电击中苦力怕并祈祷它的爆炸能影响生物？"
        },
        {
            "type": "turtlemancy:turtlemy_recipe",
            "recipe": "minecraft:zombie_head",
            "title": "僵尸的头",
            "text": "它闻起来如何？糟糕。它看起来如何？糟糕。你能制作一个有多酷？混蛋。"
        },
        {
        	"type": "turtlemancy:turtlemy_recipe",
            "recipe": "minecraft:end_stone",
            "title": "末地石",
            "text": "这是末地吗？"
        },
        {
            "type": "turtlemancy:turtlemy_recipe",
            "recipe": "minecraft:dragon_head",
            "title": "龙首",
            "text": "这就是为什么暴力不是答案。还有其他方法可以在不伤害任何人的情况下获得你想要的东西。比如在这种情况下就是$(turtlemancy)海龟术$()。"
        }
    ],
    "sortnum": 3
}