{
    "name": "ATM苹果",
    "icon": "allthemodium:allthemodium_apple",
    "category": "allthemodium:food",
    "pages": [{
            "type": "crafting",
            "recipe": "allthemodium:main/allthemodium_apple",
            "title": "ATM苹果"
        },
        {
            "type": "text",
            "text": "ATM苹果提供 20 点饥饿值和 80 点饱和度。此苹果有以下效果：$(li)快吃$(li)随时可食用$(li)30 秒的伤害吸收 X$(li)30 秒的回复 X"
        }
    ]
}