{
    "name": "ATM胡萝卜",
    "icon": "allthemodium:allthemodium_carrot",
    "category": "allthemodium:food",
    "pages": [{
            "type": "crafting",
            "recipe": "allthemodium:main/allthemodium_carrot",
            "title": "ATM胡萝卜"
        },
        {
            "type": "text",
            "text": "ATM胡萝卜提供 40 点饥饿值和 320 点饱和度。此胡萝卜有以下效果：$(li)快吃$(li)随时可食用$(li)30 秒的伤害吸收 X$(li)30 秒的回复 X"
        }
    ]
}