{
    "name": "捕捉",
    "icon": "minecraft:enchanted_book",
    "category": "apotheosis:spawner/spawner",
	"flag": "apotheosis:spawner",
	"sortnum": 2,
    "pages": [
        {
            "type": "patchouli:text",
            "text": "刷怪笼可以通过使用$(9)刷怪蛋$()来改变生成的实体。$(p)通常，这些是无法获得的。为了解决这个问题，神化模组为剑添加了$(9)捕捉$()附魔。"
        },
		{
            "type": "patchouli:spotlight",
			"item": "minecraft:cow_spawn_egg",
			"title": "刷怪蛋",
            "text": "$(9)捕捉$()附魔每级有 0.4% 的机会让生物在死亡时掉落刷怪蛋。$(p)没有刷怪蛋的物品的实体（如 JEI 中所见）不能掉落。"
        }
	]
}