{
    "name": "刷怪笼调节",
    "icon": "minecraft:clock",
    "category": "apotheosis:spawner/spawner",
	"flag": "apotheosis:spawner",
	"sortnum": 1,
    "pages": [
        {
            "type": "patchouli:text",
            "text": "在看了$(l:apotheosis:spawner/stats)刷怪笼属性$()后，你可能想知道如何调节它。$(p)输入$(9)刷怪笼调节$()，一个调节刷怪笼的系统。$(p)一个调节器最多包含两个物品，并使刷怪笼的属性产生一定的变化。"
        },
		{
            "type": "patchouli:text",
			"title": "查看调节器",
            "text": "每个调节器都可以在 JEI 中查看。$(p)你可以通过查看$(9)刷怪笼$()的用途和配方或调节器的用途来查看它们。$(p)那里有很多提示文本，所以到处张望吧。"
        },
		{
            "type": "patchouli:text",
			"title": "注解",
            "text": "在 JEI 中，属性的变化被标注为$(br)$(9)+/- X 属性$()。$(p)一些属性没有数值，因此它们将显示为$(9)+/- 属性$()。$(p)在提示文本中，除非启用，否则不会显示非数字统计信息。"
        },
		{
            "type": "patchouli:text",
			"title": "调节器上限",
            "text": "某些调节器不能减少或增加超过某个值的属性。$(p)这些将在 JEI 中该属性的提示文本中说明。$(p)这些上限是专属于调节器的，因此对于相同的属性，一个调节器的上限可能与另一个调节器不同。"
        },
		{
            "type": "patchouli:text",
			"title": "使用调节器",
            "text": "要使用调节器，只需将对应的物品拿在手中，然后右键单击$(9)刷怪笼$()。$(p)如果调节成功，则会消耗物品。$(p)主手的物品将会被消耗，但副手的物品可能不会被消耗。"
        },
		{
            "type": "patchouli:text",
            "text": "尽管 JEI 中声明了物品必须由特定的手握持，但这不是必需的。$(p)只要将物品握在手中，就可以使用调节器，无论是哪只手。"
        }
	]
}