{
    "name": "刷怪笼",
    "icon": "minecraft:spawner",
    "category": "apotheosis:spawner/spawner",
	"flag": "apotheosis:spawner",
	"sortnum": -1,
    "pages": [
        {
            "type": "patchouli:text",
            "text": "$(9)刷怪笼$()是一个神奇的方块，可以从虚空中生成实体。$(p)但是你已经知道了，所以让我们开始新的东西。$(p)在神化模组中，刷怪笼可以使用$(9)精准采集$()附魔获取。"
        },
		{
            "type": "patchouli:text",
            "text": "以这种方式获取刷怪笼会消耗额外的耐久。$(p)刷怪笼有一系列的$(l:apotheosis:spawner/stats)刷怪笼属性$()来控制它。$(p)这些属性可以使用$(l:apotheosis:spawner/modifiers)刷怪笼调节器$()进行调节。"
        }
	]
}