{
    "name": "刷怪笼属性",
    "icon": "minecraft:writable_book",
    "category": "apotheosis:spawner/spawner",
	"flag": "apotheosis:spawner",
	"sortnum": 0,
    "pages": [
        {
            "type": "patchouli:text",
            "text": "每个刷怪笼都有$(9)刷怪笼属性$()，它决定了刷怪笼的运作。$(p)生成之间的时间间隔，生成了多少生物等等。$(p)本章节详细介绍了所有的这些东西。"
        },
		{
            "type": "patchouli:text",
			"title": "生成延迟",
            "text": "在刷怪笼生成实体后，会有一个延迟，直到下一次生成。$(p)该延迟是$(9)最低生成延迟$()和$(9)最高生成延迟$()之间的随机数字。$(p)如果最大延迟低于最小延迟，则使用最小延迟。"
        },
		{
            "type": "patchouli:text",
			"title": "生成数量",
            "text": "$(9)生成数量$()决定了一次生成多少实体。$(p)并非所有生成都会成功，因此有时生成的实体会更少。$(p)只要一个实体生成（和延迟被重置）就被视为成功。"
        },
		{
            "type": "patchouli:text",
			"title": "实体数量上限",
            "text": "刷怪笼会侦测附近的实体数量。$(p)如果该数量超过$(9)实体数量上限$()，则停止生成。$(p)仅计算与生成的实体相同类型的实体。"
        },
		{
            "type": "patchouli:text",
			"title": "激活范围",
            "text": "刷怪笼需要附近有玩家才能运行。$(p)该玩家必须在$(9)激活范围$()内，刷怪笼才能运行，这是一个以块为单位的半径。"
        },
		{
            "type": "patchouli:text",
			"title": "生成范围",
            "text": "$(9)生成范围$()是实体可以生成多远的方块半径。$(p)必须确保该区域适合该实体生成，否则可能会生成失败。"
        },
		{
            "type": "patchouli:text",
			"title": "忽略玩家",
            "text": "开启$(9)忽略玩家$()的刷怪笼不需要玩家在$(9)激活范围$()内。$(p)无论有没有玩家都会运行。"
        },
		{
            "type": "patchouli:text",
			"title": "忽略生成条件",
            "text": "开启$(9)忽略生成条件$()的刷怪笼将不再需要该生物的生成条件就能生成。$(p)这些生成条件包括动物对草方块的需求。$(p)它只需要足够的空间和附近缺乏同种实体。"
        },
		{
            "type": "patchouli:text",
			"title": "红石控制",
            "text": "开启$(9)红石控制$()的刷怪笼需要红石信号才能运行。$(p)这使你可以控制刷怪笼何时运行。"
        },
		{
            "type": "patchouli:text",
			"title": "忽略亮度",
            "text": "开启$(9)忽略亮度$()的刷怪笼将在所有亮度下工作。$(p)这意味着某些生物叶可以在白天生成。$(p)如果刷怪笼已经有$(9)忽略生成条件$()的属性，那么这个调节器将没有任何作用。"
        },
		{
            "type": "patchouli:text",
			"title": "无 AI",
            "text": "开启$(9)无 AI$()的刷怪笼将生成没有任何 AI 的生物。$(p)通常，这些生物只会站在那里，动也不动，什么也不做。$(p)但是，由神化模组创建的生物仍然可以移动。"
        },
		{
            "type": "patchouli:text",
            "text": "如果你正在制作大型的生物农场，则应始终使用$(9)无 AI$()。$(p)它会显着降低服务器负载，并使生物更易于控制。"
        }
	]
}