{
    "name": "永恒仪式",
    "icon": "betterendforge:eternal_pedestal",
    "read_by_default": true,
    "category": "rituals",
    "pages": [
        {
            "type": "text",
            "text": "“一个回到主世界的不简单的手段。”$(br2)在末地世界旅行时，你发现了不少远古遗迹。"
        },
        {
            "type": "image",
            "text": "里面有一个被摧毁的（也许没有）$(bold)符文苍黄石$()框架，其周围有六个基座。",
            "border": false,
            "images": [
                "betterendforge:textures/images/eternal_ritual/portal_structure.png"
            ]
        },
        {
            "type": "text",
            "text": "这些是曾经将末地与主世界相连的宏伟传送门的遗迹。$(br2)想要激活传送门，你需要修复框架（如果它坏了的话）。"
        },
        {
            "type": "image",
            "text": "然后在基座上放置六个$(bold)永恒水晶$()。",
            "border": false,
            "images": [
                "betterendforge:textures/images/eternal_ritual/portal_frame_full.png"
            ]
        },
        {
            "type": "image",
            "text": "当你放下最后一个水晶时，传送门将会被激活。",
            "border": false,
            "images": [
                "betterendforge:textures/images/eternal_ritual/ritual_finished.png"
            ]
        },
        {
            "type": "text",
            "text": "$(bold)符文苍黄石$()（用于修复框架）和$(bold)永恒水晶$()可以通过$(l:rituals/infusion_ritual)灌注仪式$(/l)获取。"
        }
    ]
}
